etprotobyname
17 enable_enobufs failed: getprotobyname
17 enable_enobufs failed: getprotobyname
17 enable_enobufs failed: getprotobyname
17 enable_enobufs failed: getprotobyname
17 enable_enobufs failed: getprotobyname
17 enable_enobufs failed: getprotobyname
17 enable_enobufs failed: getprotobyname
17 enable_enobufs failed: getprotobyname
17 enable_enobufs failed: getprotobyname
17 enable_enobufs failed: getprotobyname
17 enable_enobufs failed: getprotobyname
17 enable_enobufs failed: getprotobyname
17 enable_enobufs failed: getprotobyname
17 enable_enobufs failed: getprotobyname
17 enable_enobufs failed: getprotobyname
17 enable_enobufs failed: getprotobyname
17 enable_enobufs failed: getprotobyname
17 enable_enobufs failed: getprotobyname
17 enable_enobufs failed: getprotobyname
17 enable_enobnable_enobufs failed: getprotobyname
26 enable_enobufs failed: getprotobyname
26 enable_enobufs failed: getprotobyname
26 enable_enobufs failed: getprotobyname
26 enable_enobufs failed: getprotobyname
26 enable_enobufs failed: getprotobyname
26 enable_enobufs failed: getprotobyname
26 enable_enobufs failed: getprotobyname
26 enable_enobufs failed: getprotobyname
26 enable_enobufs failed: getprotobyname
26 enable_enobufs failed: getprotobyname
26 enable_enobufs failed: getprotobyname
26 enable_enobufs failed: getprotobyname
26 enable_enobufs failed: getprotobyname
26 enable_enobufs failed: getprotobyname
26 enable_enobufs failed: getprotobyname
26 enable_enobufs failed: getprotobyname
26 enable_enobufs failed: getprotobyname
26 enable_enobufs failed: getprotobyname
26 enable_enobufs failed: getprotobyname
26 enable_enobufs failed: getprotobyname
26 enable_enobufs failed: getprotobyname
26 enable_enobufs failed: getprotobyname
26 enable_enobufs failed: getprotobyname
26 enable_enobufs failed: getprotobyname
26 enable_enobufs failed: getprotobyname
26 enable_enobufs failed: getprotobyname
26 enable_enobufs failed: getprotobyname
26 enable_enobufs failed: getprotobyname
26 enable_enobufs failed: getprotobyname
26 enable_enobufs failed: getprotobyname
26 enable_enobufs failed: getprotobyname
26 enable_enobufs failed: getprotobyname
26 enable_enobufs failed: getprotobyname
26 enable_enobufs failed: getprotobyname
26 enable_enobufs failed: getprotobyname
26 enable_enobufs failed: getprotobyname
26 enable_enobufs failed: getprotobyname
26 enable_enobufs failed: getprotobyname
26 enable_enobufs failed: getprotobyname
26 enable_enobufs failed: getprotobyname
26 enable_enobufs failed: getprotobyname
26 enable_enobufs failed: getprotobyname
26 enable_enobufs failed: getprotobyname
26 enable_enobufs failed: getprotobyname
26 enable_enobufs failed: getprotobyname
26 enable_enobufs failed: getprotobyname
26 enable_enobufs failed: getprotobyname
26 enable_enobufs failed: getprotobyname
26 enable_enobufs failed: getprotobyname
26 enable_enobufs failed: getprotobyname
26 enable_enobufs failed: getprotobyname
26 enable_enobufs failed: getprotobyname
26 enable_enobufs failed: getprotobyname
26 enable_enobufs failed: getprotobyname
26 enable_enobufs failed: getprotobyname
26 enable_enobufs failed: getprotobyname
26 enable_enobufs failed: getprotobyname
26 enable_enobufs failed: getprotobyname
26 enable_enobufs failed: getprotobyname
26 enable_enobufs failed: getprotobyname
26 enable_enobufs failed: getprotobyname
26 enable_enobufs failed: getprotobyname
26 enable_enobufs failed: getprotobyname
26 enable_enobufs failed: getprotobyname
26 enable_enobufs failed: getprotobyname
26 enable_enobufs failed: getprotobyname
26 enable_enobufs failed: getprotobyname
26 enable_enobufs failed: getprotobyname
26 enable_enobufs failed: getprotobyname
26 enable_enobufs failed: getprotobyname
26 enable_enobufs failed: getprotobyname
26 enable_enobufs failed: getprotobyname
26 enable_enobufs failed: getprotobyname
26 enable_enobufs failed: getprotobyname
26 enable_enobufs failed: getprotobyname
26 enable_enobufs failed: getprotobyname
26 enable_enobufs failed: getprotobyname
26 enable_enobufs failed: getprotobyname
26 enable_enobufs failed: getprotobyname
26 enable_enobufs failed: getprotobyname
26 enable_enobufs failed: getprotobyname
26 enable_enobufs failed: getprotobyname
26 enable_enobufs failed: getprotobyname
26 enable_enobufs failed: getprotobyname
26 enable_enobufs failed: getprotobyname
26 enable_enobufs failed: getprotobyname
26 enable_enobufs failed: getprotobyname
26 enable_enobufs failed: getprotobyname
26 enable_enobufs failed: getprotobyname
26 enable_enobufs failed: getprotobyname
26 enable_enobufs failed: getprotobyname
26 enable_enobufs failed: getprotobyname
26 enable_enobufs failed: getprotobyname
26 enable_enobufs failed: getprotobyname
26 enable_enobufs failed: getprotobyname
26 enable_enobufs failed: getprotobyname
26 enable_enobufs failed: getprotobyname
26 enable_enobufs failed: getprotobyname
26 enable_enobufs failed: getprotobyname
led: getprotobyname
25 enable_enobufs failed: getprotobyname
25 enable_enobufs failed: getprotobyname
25 enable_enobufs failed: getprotobyname
25 enable_enobufs failed: getprotobyname
25 enable_enobufs failed: getprotobyname
25 enable_enobufs failed: getprotobyname
25 enable_enobufs failed: getprotobyname
25 enable_enobufs failed: getprotobyname
25 enable_enobufs failed: getprotobyname
25 enable_enobufs failed: getprotobyname
25 enable_enobufs failed: getprotobyname
25 enable_enobufs failed: getprotobyname
25 enable_enobufs failed: getprotobyname
25 enable_enobufs failed: getprotobyname
25 enable_enobufs failed: getprotobyname
25 enable_enobufs failed: getprotobyname
25 enable_enobufs failed: getprotobyname
25 enable_enobufs failed: getprotobyname
25 enable_enobufs failed: getprotobyname
25 enable_enobufs failed: getprotobyname
25 enable_enobufs failed: getprotobyname
25 enable_enobufs failed: getprotobyname
25 enable_enobufs failed: getprotobyname
25 enable_enobufs failed: getprotobyname
25 enable_enobufs failed: getprotobyname
25 enable_enobufs failed: getprotobyname
25 enable_enobufs failed: getprotobyname
25 enable_enobufs failed: getprotobyname
25 enable_enobufs failed: getprotobyname
25 enable_enobufs failed: getprotobyname
25 enable_enobufs failed: getprotobyname
25 enable_enobufs failed: getprotobyname
25 enable_enobufs failed: getprotobyname
25 enable_enobufs failed: getprotobyname
25 enable_enobufs failed: getprotobyname
25 enable_enobufs failed: getprotobyname
25 enable_enobufs failed: getprotobyname
25 enable_enobufs failed: getprotobyname
25 enable_enobufs failed: getprotobyname
25 enable_enobufs failed: getprotobyname
25 enable_enobufs failed: getprotobyname
25 enable_enobufs failed: getprotobyname
25 enable_enobufs failed: getprotobyname
25 enable_enobufs failed: getprotobyname
25 enable_enobufs failed: getprotobyname
25 enable_enobufs failed: getprotobyname
25 enable_enobufs failed: getprotobyname
25 enable_enobufs failed: getprotobyname
25 enable_enobufs failed: getprotobyname
25 enable_enobufs failed: getprotobyname
25 enable_enobufs failed: getprotobyname
25 enable_enobufs failed: getprotobyname
25 enable_enobufs failed: getprotobyname
25 enable_enobufs failed: getprotobyname
25 enable_enobufs failed: getprotobyname
25 enable_enobufs failed: getprotobyname
25 enable_enobufs failed: getprotobyname
25 enable_enobufs failed: getprotobyname
25 enable_enobufs failed: getprotobyname
25 enable_enobufs failed: getprotobyname
25 enable_enobufs failed: getprotobyname
25 enable_enobufs failed: getprotobyname
25 enable_enobufs failed: getprotobyname
25 enable_enobufs failed: getprotobyname
25 enable_enobufs failed: getprotobyname
25 enable_enobufs failed: getprotobyname
25 enable_enobufs failed: getprotobyname
25 enable_enobufs failed: getprotobyname
25 enable_enobufs failed: getprotobyname
25 enable_enobufs failed: getprotobyname
25 enable_enobufs failed: getprotobyname
25 enable_enobufs failed: getprotobyname
25 enable_enobufs failed: getprotobyname
25 enable_enobufs failed: getprotobyname
25 enable_enobufs failed: getprotobyname
25 enable_enobufs failed: getprotobyname
25 enable_enobufs failed: getprotobyname
25 enable_enobufs failed: getprotobyname
25 enable_enobufs failed: getprotobyname
25 enable_enobufs failed: getprotobyname
25 enable_enobufs failed: getprotobyname
25 enable_enobufs failed: getprotobyname
25 enable_enobufs failed: getprotobyname
25 enable_enobufs failed: getprotobyname
25 enable_enobufs failed: getprotobyname
25 enable_enobufs failed: getprotobyname
25 enable_enobufs failed: getprotobyname
25 enable_enobufs failed: getprotobyname
25 enable_enobufs failed: getprotobyname
25 enable_enobufs failed: getprotobyname
25 enable_enobufs failed: getprotobyname
25 enable_enobufs failed: getprotobyname
25 enable_enobufs failed: getprotobyname
25 enable_enobufs failed: getprotobyname
25 enable_enobufs failed: getprotobyname
25 enable_enobufs failed: getprotobyname
25 enable_enobufs failed: getprotobyname
25 enable_enobufs failed: getprotobyname
25 enable_enobufs failed: getprotobyname
25 enable_enobufsotobyname
00 enable_enobufs failed: getprotobyname
00 enable_enobufs failed: getprotobyname
00 enable_enobufs failed: getprotobyname
00 enable_enobufs failed: getprotobyname
00 enable_enobufs failed: getprotobyname
00 enable_enobufs failed: getprotobyname
00 enable_enobufs failed: getprotobyname
00 enable_enobufs failed: getprotobyname
00 enable_enobufs failed: getprotobyname
00 enable_enobufs failed: getprotobyname
00 enable_enobufs failed: getprotobyname
00 enable_enobufs failed: getprotobyname
00 enable_enobufs failed: getprotobyname
00 enable_enobufs failed: getprotobyname
00 enable_enobufs failed: getprotobyname
00 enable_enobufs failed: getprotobyname
00 enable_enobufs failed: getprotobyname
00 enable_enobufs failed: getprotobyname
00 enable_enobufs failed: getprotobyname
00 enable_enobufs failed: getprotobyname
00 enable_enobufs failed: getprotobyname
00 enable_enobufs failed: getprotobyname
00 enable_enobufs failed: getprotobyname
00 enable_enobufs failed: getprotobyname
00 enable_enobufs failed: getprotobyname
00 enable_enobufs failed: getprotobyname
00 enable_enobufs failed: getprotobyname
00 enable_enobufs failed: getprotobyname
00 enable_enobufs failed: getprotobyname
00 enable_enobufs failed: getprotobyname
00 enable_enobufs failed: getprotobyname
00 THROUGHPUT=1287.14
00 THROUGHPUT_UNITS=Trans/s
00 THROUGHPUT_CONFID=-1.000
00 PROTOCOL=TCP
00 ELAPSED_TIME=300.00
00 LOCAL_SEND_CALLS=386143
00 LOCAL_BYTES_PER_SEND=1.00
00 LOCAL_RECV_CALLS=386143
00 LOCAL_BYTES_PER_RECV=1.00
00 REMOTE_SEND_CALLS=386144
00 REMOTE_BYTES_PER_SEND=1.00
00 REMOTE_RECV_CALLS=386143
00 REMOTE_BYTES_PER_RECV=1.00
00 LOCAL_SYSNAME=Linux
00 LOCAL_RELEASE=5.14.0-427.42.1.el9_4.x86_64
00 LOCAL_VERSION=#1 SMP PREEMPT_DYNAMIC Fri Oct 18 14:35:40 EDT 2024
00 LOCAL_MACHINE=x86_64
00 COMMAND_LINE="netperf -s 2 -l 300 -j -H 10.233.227.141 -t tcp_crr -- -P ,8000 -k THROUGHPUT,THROUGHPUT_UNITS,THROUGHPUT_CONFID,PROTOCOL,ELAPSED_TIME,LOCAL_SEND_CALLS,LOCAL_BYTES_PER_SEND,LOCAL_RECV_CALLS,LOCAL_BYTES_PER_RECV,REMOTE_SEND_CALLS,REMOTE_BYTES_PER_SEND,REMOTE_RECV_CALLS,REMOTE_BYTES_PER_RECV,LOCAL_SYSNAME,LOCAL_RELEASE,LOCAL_VERSION,LOCAL_MACHINE,REMOTEL_SYSNAME,REMOTEL_RELEASE,REMOTEL_VERSION,REMOTEL_MACHINE,COMMAND_LINE,LOCAL_TRANSPORT_RETRANS,REMOTE_TRANSPORT_RETRANS,TRANSACTION_RATE,P50_LATENCY,P90_LATENCY,RT_LATENCY,MEAN_LATENCY,STDEV_LATENCY,REQUEST_SIZE,RESPONSE_SIZE,BURST_SIZE"
00 LOCAL_TRANSPORT_RETRANS=0
00 REMOTE_TRANSPORT_RETRANS=-1
00 TRANSACTION_RATE=1287.139
00 P50_LATENCY=483
00 P90_LATENCY=1154
00 RT_LATENCY=776.917
00 MEAN_LATENCY=776.63
00 REQUEST_SIZE=1
00 RESPONSE_SIZE=1
00 BURST_SIZE=0
ailed: getprotobyname
03 enable_enobufs failed: getprotobyname
03 enable_enobufs failed: getprotobyname
03 enable_enobufs failed: getprotobyname
03 enable_enobufs failed: getprotobyname
03 enable_enobufs failed: getprotobyname
03 enable_enobufs failed: getprotobyname
03 enable_enobufs failed: getprotobyname
03 enable_enobufs failed: getprotobyname
03 enable_enobufs failed: getprotobyname
03 enable_enobufs failed: getprotobyname
03 enable_enobufs failed: getprotobyname
03 enable_enobufs failed: getprotobyname
03 enable_enobufs failed: getprotobyname
03 enable_enobufs failed: getprotobyname
03 enable_enobufs failed: getprotobyname
03 THROUGHPUT=1260.78
03 THROUGHPUT_UNITS=Trans/s
03 THROUGHPUT_CONFID=-1.000
03 PROTOCOL=TCP
03 ELAPSED_TIME=300.00
03 LOCAL_SEND_CALLS=378236
03 LOCAL_BYTES_PER_SEND=1.00
03 LOCAL_RECV_CALLS=378235
03 LOCAL_BYTES_PER_RECV=1.00
03 REMOTE_SEND_CALLS=378236
03 REMOTE_BYTES_PER_SEND=1.00
03 REMOTE_RECV_CALLS=378236
03 REMOTE_BYTES_PER_RECV=1.00
03 LOCAL_SYSNAME=Linux
03 LOCAL_RELEASE=5.14.0-427.42.1.el9_4.x86_64
03 LOCAL_VERSION=#1 SMP PREEMPT_DYNAMIC Fri Oct 18 14:35:40 EDT 2024
03 LOCAL_MACHINE=x86_64
03 COMMAND_LINE="netperf -s 2 -l 300 -j -H 10.233.227.141 -t tcp_crr -- -P ,8000 -k THROUGHPUT,THROUGHPUT_UNITS,THROUGHPUT_CONFID,PROTOCOL,ELAPSED_TIME,LOCAL_SEND_CALLS,LOCAL_BYTES_PER_SEND,LOCAL_RECV_CALLS,LOCAL_BYTES_PER_RECV,REMOTE_SEND_CALLS,REMOTE_BYTES_PER_SEND,REMOTE_RECV_CALLS,REMOTE_BYTES_PER_RECV,LOCAL_SYSNAME,LOCAL_RELEASE,LOCAL_VERSION,LOCAL_MACHINE,REMOTEL_SYSNAME,REMOTEL_RELEASE,REMOTEL_VERSION,REMOTEL_MACHINE,COMMAND_LINE,LOCAL_TRANSPORT_RETRANS,REMOTE_TRANSPORT_RETRANS,TRANSACTION_RATE,P50_LATENCY,P90_LATENCY,RT_LATENCY,MEAN_LATENCY,STDEV_LATENCY,REQUEST_SIZE,RESPONSE_SIZE,BURST_SIZE"
03 LOCAL_TRANSPORT_RETRANS=0
03 REMOTE_TRANSPORT_RETRANS=-1
03 TRANSACTION_RATE=1260.780
03 P50_LATENCY=489
03 P90_LATENCY=1155
03 RT_LATENCY=793.160
03 MEAN_LATENCY=792.87
03 REQUEST_SIZE=1
03 RESPONSE_SIZE=1
03 BURST_SIZE=0
name
07 enable_enobufs failed: getprotobyname
07 enable_enobufs failed: getprotobyname
07 enable_enobufs failed: getprotobyname
07 enable_enobufs failed: getprotobyname
07 enable_enobufs failed: getprotobyname
07 enable_enobufs failed: getprotobyname
07 enable_enobufs failed: getprotobyname
07 enable_enobufs failed: getprotobyname
07 enable_enobufs failed: getprotobyname
07 enable_enobufs failed: getprotobyname
07 enable_enobufs failed: getprotobyname
07 enable_enobufs failed: getprotobyname
07 enable_enobufs failed: getprotobyname
07 enable_enobufs failed: getprotobyname
07 enable_enobufs failed: getprotobyname
07 enable_enobufs failed: getprotobyname
07 enable_enobufs failed: getprotobyname
07 enable_enobufs failed: getprotobyname
07 enable_enobufs failed: getprotobyname
07 enable_enobufs failed: getprotobyname
07 enable_enobufs failed: getprotobyname
07 enable_enobufs failed: getprotobyname
07 enable_enobufs failed: getprotobyname
07 enable_enobufs failed: getprotobyname
07 enable_enobufs failed: getprotobyname
07 enable_enobufs failed: getprotobyname
07 enable_enobufs failed: getprotobyname
07 enable_enobufs failed: getprotobyname
07 enable_enobufs failed: getprotobyname
07 enable_enobufs failed: getprotobyname
07 enable_enobufs failed: getprotobyname
07 enable_enobufs failed: getprotobyname
07 enable_enobufs failed: getprotobyname
07 enable_enobufs failed: getprotobyname
07 enable_enobufs failed: getprotobyname
07 enable_enobufs failed: getprotobyname
07 enable_enobufs failed: getprotobyname
07 enable_enobufs failed: getprotobyname
07 enable_enobufs failed: getprotobyname
07 enable_enobufs failed: getprotobyname
07 enable_enobufs failed: getprotobyname
07 enable_enobufs failed: getprotobyname
07 enable_enobufs failed: getprotobyname
07 enable_enobufs failed: getprotobyname
07 enable_enobufs failed: getprotobyname
07 enable_enobufs failed: getprotobyname
07 enable_enobufs failed: getprotobyname
07 enable_enobufs failed: getprotobyname
07 enable_enobufs failed: getprotobyname
07 enable_enobufs failed: getprotobyname
07 enable_enobufs failed: getprotobyname
07 enable_enobufs failed: getprotobyname
07 enable_enobufs failed: getprotobyname
07 enable_enobufs failed: getprotobyname
07 enable_enobufs failed: getprotobyname
07 enable_enobufs failed: getprotobyname
07 enable_enobufs failed: getprotobyname
07 enable_enobufs failed: getprotobyname
07 enable_enobufs failed: getprotobyname
07 enable_enobufs failed: getprotobyname
07 enable_enobufs failed: getprotobyname
07 enable_enobufs failed: getprotobyname
07 enable_enobufs failed: getprotobyname
07 enable_enobufs failed: getprotobyname
07 enable_enobufs failed: getprotobyname
07 enable_enobufs failed: getprotobyname
07 enable_enobufs failed: getprotobyname
07 enable_enobufs failed: getprotobyname
07 enable_enobufs failed: getprotobyname
07 enable_enobufs failed: getprotobyname
07 enable_enobufs failed: getprotobyname
07 enable_enobufs failed: getprotobyname
07 enable_enobufs failed: getprotobyname
07 enable_enobufs failed: getprotobyname
07 enable_enobufs failed: getprotobyname
07 enable_enobufs failed: getprotobyname
07 enable_enobufs failed: getprotobyname
07 enable_enobufs failed: getprotobyname
07 enable_enobufs failed: getprotobyname
07 enable_enobufs failed: getprotobyname
07 enable_enobufs failed: getprotobyname
07 enable_enobufs failed: getprotobyname
07 enable_enobufs failed: getprotobyname
07 enable_enobufs failed: getprotobyname
07 enable_enobufs failed: getprotobyname
07 enable_enobufs failed: getprotobyname
07 THROUGHPUT=1263.02
07 THROUGHPUT_UNITS=Trans/s
07 THROUGHPUT_CONFID=-1.000
07 PROTOCOL=TCP
07 ELAPSED_TIME=300.00
07 LOCAL_SEND_CALLS=378906
07 LOCAL_BYTES_PER_SEND=1.00
07 LOCAL_RECV_CALLS=378906
07 LOCAL_BYTES_PER_RECV=1.00
07 REMOTE_SEND_CALLS=378906
07 REMOTE_BYTES_PER_SEND=1.00
07 REMOTE_RECV_CALLS=378906
07 REMOTE_BYTES_PER_RECV=1.00
07 LOCAL_SYSNAME=Linux
07 LOCAL_RELEASE=5.14.0-427.42.1.el9_4.x86_64
07 LOCAL_VERSION=#1 SMP PREEMPT_DYNAMIC Fri Oct 18 14:35:40 EDT 2024
07 LOCAL_MACHINE=x86_64
07 COMMAND_LINE="netperf -s 2 -l 300 -j -H 10.233.227.141 -t tcp_crr -- -P ,8000 -k THROUGHPUT,THROUGHPUT_UNITS,THROUGHPUT_CONFID,PROTOCOL,ELAPSED_TIME,LOCAL_SEND_CALLS,LOCAL_BYTES_PER_SEND,LOCAL_RECV_CALLS,LOCAL_BYTES_PER_RECV,REMOTE_SEND_CALLS,REMOTE_BYTES_PER_SEND,REMOTE_RECV_CALLS,REMOTE_BYTES_PER_RECV,LOCAL_SYSNAME,LOCAL_RELEASE,LOCAL_VERSION,LOCAL_MACHINE,REMOTEL_SYSNAME,REMOTEL_RELEASE,REMOTEL_VERSION,REMOTEL_MACHINE,COMMAND_LINE,LOCAL_TRANSPORT_RETRANS,REMOTE_TRANSPORT_RETRANS,TRANSACTION_RATE,P50_LATENCY,P90_LATENCY,RT_LATENCY,MEAN_LATENCY,STDEV_LATENCY,REQUEST_SIZE,RESPONSE_SIZE,BURST_SIZE"
07 LOCAL_TRANSPORT_RETRANS=-1
07 REMOTE_TRANSPORT_RETRANS=-1
07 TRANSACTION_RATE=1263.017
07 P50_LATENCY=494
07 P90_LATENCY=1175
07 RT_LATENCY=791.755
07 MEAN_LATENCY=791.49
07 REQUEST_SIZE=1
07 RESPONSE_SIZE=1
07 BURST_SIZE=0
nobufs failed: getprotobyname
12 enable_enobufs failed: getprotobyname
12 enable_enobufs failed: getprotobyname
12 enable_enobufs failed: getprotobyname
12 enable_enobufs failed: getprotobyname
12 enable_enobufs failed: getprotobyname
12 enable_enobufs failed: getprotobyname
12 enable_enobufs failed: getprotobyname
12 enable_enobufs failed: getprotobyname
12 enable_enobufs failed: getprotobyname
12 enable_enobufs failed: getprotobyname
12 enable_enobufs failed: getprotobyname
12 enable_enobufs failed: getprotobyname
12 enable_enobufs failed: getprotobyname
12 enable_enobufs failed: getprotobyname
12 enable_enobufs failed: getprotobyname
12 enable_enobufs failed: getprotobyname
12 enable_enobufs failed: getprotobyname
12 enable_enobufs failed: getprotobyname
12 enable_enobufs failed: getprotobyname
12 enable_enobufs failed: getprotobyname
12 enable_enobufs failed: getprotobyname
12 enable_enobufs failed: getprotobyname
12 enable_enobufs failed: getprotobyname
12 enable_enobufs failed: getprotobyname
12 enable_enobufs failed: getprotobyname
12 enable_enobufs failed: getprotobyname
12 enable_enobufs failed: getprotobyname
12 enable_enobufs failed: getprotobyname
12 enable_enobufs failed: getprotobyname
12 enable_enobufs failed: getprotobyname
12 enable_enobufs failed: getprotobyname
12 enable_enobufs failed: getprotobyname
12 enable_enobufs failed: getprotobyname
12 enable_enobufs failed: getprotobyname
12 enable_enobufs failed: getprotobyname
12 enable_enobufs failed: getprotobyname
12 enable_enobufs failed: getprotobyname
12 enable_enobufs failed: getprotobyname
12 enable_enobufs failed: getprotobyname
12 enable_enobufs failed: getprotobyname
12 enable_enobufs failed: getprotobyname
12 enable_enobufs failed: getprotobyname
12 enable_enobufs failed: getprotobyname
12 enable_enobufs failed: getprotobyname
12 enable_enobufs failed: getprotobyname
12 enable_enobufs failed: getprotobyname
12 enable_enobufs failed: getprotobyname
12 enable_enobufs failed: getprotobyname
12 enable_enobufs failed: getprotobyname
12 enable_enobufs failed: getprotobyname
12 enable_enobufs failed: getprotobyname
12 enable_enobufs failed: getprotobyname
12 enable_enobufs failed: getprotobyname
12 enable_enobufs failed: getprotobyname
12 enable_enobufs failed: getprotobyname
12 enable_enobufs failed: getprotobyname
12 enable_enobufs failed: getprotobyname
12 enable_enobufs failed: getprotobyname
12 enable_enobufs failed: getprotobyname
12 enable_enobufs failed: getprotobyname
12 enable_enobufs failed: getprotobyname
12 enable_enobufs failed: getprotobyname
12 enable_enobufs failed: getprotobyname
12 enable_enobufs failed: getprotobyname
12 enable_enobufs failed: getprotobyname
12 enable_enobufs failed: getprotobyname
12 enable_enobufs failed: getprotobyname
12 enable_enobufs failed: getprotobyname
12 enable_enobufs failed: getprotobyname
12 enable_enobufs failed: getprotobyname
12 enable_enobufs failed: getprotobyname
12 enable_enobufs failed: getprotobyname
12 enable_enobufs failed: getprotobyname
12 enable_enobufs failed: getprotobyname
12 enable_enobufs failed: getprotobyname
12 enable_enobufs failed: getprotobyname
12 enable_enobufs failed: getprotobyname
12 enable_enobufs failed: getprotobyname
12 enable_enobufs failed: getprotobyname
12 THROUGHPUT=1261.66
12 THROUGHPUT_UNITS=Trans/s
12 THROUGHPUT_CONFID=-1.000
12 PROTOCOL=TCP
12 ELAPSED_TIME=300.00
12 LOCAL_SEND_CALLS=378500
12 LOCAL_BYTES_PER_SEND=1.00
12 LOCAL_RECV_CALLS=378499
12 LOCAL_BYTES_PER_RECV=1.00
12 REMOTE_SEND_CALLS=378500
12 REMOTE_BYTES_PER_SEND=1.00
12 REMOTE_RECV_CALLS=378500
12 REMOTE_BYTES_PER_RECV=1.00
12 LOCAL_SYSNAME=Linux
12 LOCAL_RELEASE=5.14.0-427.42.1.el9_4.x86_64
12 LOCAL_VERSION=#1 SMP PREEMPT_DYNAMIC Fri Oct 18 14:35:40 EDT 2024
12 LOCAL_MACHINE=x86_64
12 COMMAND_LINE="netperf -s 2 -l 300 -j -H 10.233.227.141 -t tcp_crr -- -P ,8000 -k THROUGHPUT,THROUGHPUT_UNITS,THROUGHPUT_CONFID,PROTOCOL,ELAPSED_TIME,LOCAL_SEND_CALLS,LOCAL_BYTES_PER_SEND,LOCAL_RECV_CALLS,LOCAL_BYTES_PER_RECV,REMOTE_SEND_CALLS,REMOTE_BYTES_PER_SEND,REMOTE_RECV_CALLS,REMOTE_BYTES_PER_RECV,LOCAL_SYSNAME,LOCAL_RELEASE,LOCAL_VERSION,LOCAL_MACHINE,REMOTEL_SYSNAME,REMOTEL_RELEASE,REMOTEL_VERSION,REMOTEL_MACHINE,COMMAND_LINE,LOCAL_TRANSPORT_RETRANS,REMOTE_TRANSPORT_RETRANS,TRANSACTION_RATE,P50_LATENCY,P90_LATENCY,RT_LATENCY,MEAN_LATENCY,STDEV_LATENCY,REQUEST_SIZE,RESPONSE_SIZE,BURST_SIZE"
12 LOCAL_TRANSPORT_RETRANS=0
12 REMOTE_TRANSPORT_RETRANS=-1
12 TRANSACTION_RATE=1261.663
12 P50_LATENCY=493
12 P90_LATENCY=1172
12 RT_LATENCY=792.605
12 MEAN_LATENCY=792.33
12 REQUEST_SIZE=1
12 RESPONSE_SIZE=1
12 BURST_SIZE=0

14 enable_enobufs failed: getprotobyname
14 enable_enobufs failed: getprotobyname
14 enable_enobufs failed: getprotobyname
14 enable_enobufs failed: getprotobyname
14 enable_enobufs failed: getprotobyname
14 enable_enobufs failed: getprotobyname
14 enable_enobufs failed: getprotobyname
14 enable_enobufs failed: getprotobyname
14 enable_enobufs failed: getprotobyname
14 enable_enobufs failed: getprotobyname
14 enable_enobufs failed: getprotobyname
14 enable_enobufs failed: getprotobyname
14 enable_enobufs failed: getprotobyname
14 enable_enobufs failed: getprotobyname
14 enable_enobufs failed: getprotobyname
14 enable_enobufs failed: getprotobyname
14 enable_enobufs failed: getprotobyname
14 enable_enobufs failed: getprotobyname
14 enable_enobufs failed: getprotobyname
14 enable_enobufs failed: getprotobyname
14 enable_enobufs failed: getprotobyname
14 enable_enobufs failed: getprotobyname
14 enable_enobufs failed: getprotobyname
14 enable_enobufs failed: getprotobyname
14 enable_enobufs failed: getprotobyname
14 enable_enobufs failed: getprotobyname
14 enable_enobufs failed: getprotobyname
14 enable_enobufs failed: getprotobyname
14 enable_enobufs failed: getprotobyname
14 enable_enobufs failed: getprotobyname
14 enable_enobufs failed: getprotobyname
14 enable_enobufs failed: getprotobyname
14 enable_enobufs failed: getprotobyname
14 enable_enobufs failed: getprotobyname
14 enable_enobufs failed: getprotobyname
14 enable_enobufs failed: getprotobyname
14 enable_enobufs failed: getprotobyname
14 enable_enobufs failed: getprotobyname
14 enable_enobufs failed: getprotobyname
14 enable_enobufs failed: getprotobyname
14 enable_enobufs failed: getprotobyname
14 enable_enobufs failed: getprotobyname
14 enable_enobufs failed: getprotobyname
14 enable_enobufs failed: getprotobyname
14 enable_enobufs failed: getprotobyname
14 enable_enobufs failed: getprotobyname
14 enable_enobufs failed: getprotobyname
14 enable_enobufs failed: getprotobyname
14 enable_enobufs failed: getprotobyname
14 enable_enobufs failed: getprotobyname
14 enable_enobufs failed: getprotobyname
14 enable_enobufs failed: getprotobyname
14 enable_enobufs failed: getprotobyname
14 enable_enobufs failed: getprotobyname
14 enable_enobufs failed: getprotobyname
14 enable_enobufs failed: getprotobyname
14 enable_enobufs failed: getprotobyname
14 enable_enobufs failed: getprotobyname
14 enable_enobufs failed: getprotobyname
14 enable_enobufs failed: getprotobyname
14 enable_enobufs failed: getprotobyname
14 enable_enobufs failed: getprotobyname
14 enable_enobufs failed: getprotobyname
14 enable_enobufs failed: getprotobyname
14 enable_enobufs failed: getprotobyname
14 enable_enobufs failed: getprotobyname
14 enable_enobufs failed: getprotobyname
14 enable_enobufs failed: getprotobyname
14 enable_enobufs failed: getprotobyname
14 enable_enobufs failed: getprotobyname
14 enable_enobufs failed: getprotobyname
14 enable_enobufs failed: getprotobyname
14 enable_enobufs failed: getprotobyname
14 enable_enobufs failed: getprotobyname
14 enable_enobufs failed: getprotobyname
14 enable_enobufs failed: getprotobyname
14 enable_enobufs failed: getprotobyname
14 enable_enobufs failed: getprotobyname
14 enable_enobufs failed: getprotobyname
14 enable_enobufs failed: getprotobyname
14 enable_enobufs failed: getprotobyname
14 enable_enobufs failed: getprotobyname
14 enable_enobufs failed: getprotobyname
14 enable_enobufs failed: getprotobyname
14 enable_enobufs failed: getprotobyname
14 enable_enobufs failed: getprotobyname
14 enable_enobufs failed: getprotobyname
14 enable_enobufs failed: getprotobyname
14 THROUGHPUT=1262.69
14 THROUGHPUT_UNITS=Trans/s
14 THROUGHPUT_CONFID=-1.000
14 PROTOCOL=TCP
14 ELAPSED_TIME=300.00
14 LOCAL_SEND_CALLS=378807
14 LOCAL_BYTES_PER_SEND=1.00
14 LOCAL_RECV_CALLS=378807
14 LOCAL_BYTES_PER_RECV=1.00
14 REMOTE_SEND_CALLS=378807
14 REMOTE_BYTES_PER_SEND=1.00
14 REMOTE_RECV_CALLS=378807
14 REMOTE_BYTES_PER_RECV=1.00
14 LOCAL_SYSNAME=Linux
14 LOCAL_RELEASE=5.14.0-427.42.1.el9_4.x86_64
14 LOCAL_VERSION=#1 SMP PREEMPT_DYNAMIC Fri Oct 18 14:35:40 EDT 2024
14 LOCAL_MACHINE=x86_64
14 COMMAND_LINE="netperf -s 2 -l 300 -j -H 10.233.227.141 -t tcp_crr -- -P ,8000 -k THROUGHPUT,THROUGHPUT_UNITS,THROUGHPUT_CONFID,PROTOCOL,ELAPSED_TIME,LOCAL_SEND_CALLS,LOCAL_BYTES_PER_SEND,LOCAL_RECV_CALLS,LOCAL_BYTES_PER_RECV,REMOTE_SEND_CALLS,REMOTE_BYTES_PER_SEND,REMOTE_RECV_CALLS,REMOTE_BYTES_PER_RECV,LOCAL_SYSNAME,LOCAL_RELEASE,LOCAL_VERSION,LOCAL_MACHINE,REMOTEL_SYSNAME,REMOTEL_RELEASE,REMOTEL_VERSION,REMOTEL_MACHINE,COMMAND_LINE,LOCAL_TRANSPORT_RETRANS,REMOTE_TRANSPORT_RETRANS,TRANSACTION_RATE,P50_LATENCY,P90_LATENCY,RT_LATENCY,MEAN_LATENCY,STDEV_LATENCY,REQUEST_SIZE,RESPONSE_SIZE,BURST_SIZE"
14 LOCAL_TRANSPORT_RETRANS=0
14 REMOTE_TRANSPORT_RETRANS=-1
14 TRANSACTION_RATE=1262.689
14 P50_LATENCY=493
14 P90_LATENCY=1173
14 RT_LATENCY=791.960
14 MEAN_LATENCY=791.68
14 REQUEST_SIZE=1
14 RESPONSE_SIZE=1
14 BURST_SIZE=0
e
15 enable_enobufs failed: getprotobyname
15 enable_enobufs failed: getprotobyname
15 enable_enobufs failed: getprotobyname
15 enable_enobufs failed: getprotobyname
15 enable_enobufs failed: getprotobyname
15 enable_enobufs failed: getprotobyname
15 enable_enobufs failed: getprotobyname
15 enable_enobufs failed: getprotobyname
15 enable_enobufs failed: getprotobyname
15 enable_enobufs failed: getprotobyname
15 enable_enobufs failed: getprotobyname
15 enable_enobufs failed: getprotobyname
15 enable_enobufs failed: getprotobyname
15 enable_enobufs failed: getprotobyname
15 enable_enobufs failed: getprotobyname
15 enable_enobufs failed: getprotobyname
15 enable_enobufs failed: getprotobyname
15 enable_enobufs failed: getprotobyname
15 enable_enobufs failed: getprotobyname
15 enable_enobufs failed: getprotobyname
15 enable_enobufs failed: getprotobyname
15 enable_enobufs failed: getprotobyname
15 enable_enobufs failed: getprotobyname
15 enable_enobufs failed: getprotobyname
15 enable_enobufs failed: getprotobyname
15 enable_enobufs failed: getprotobyname
15 enable_enobufs failed: getprotobyname
15 enable_enobufs failed: getprotobyname
15 enable_enobufs failed: getprotobyname
15 enable_enobufs failed: getprotobyname
15 enable_enobufs failed: getprotobyname
15 enable_enobufs failed: getprotobyname
15 enable_enobufs failed: getprotobyname
15 enable_enobufs failed: getprotobyname
15 enable_enobufs failed: getprotobyname
15 enable_enobufs failed: getprotobyname
15 enable_enobufs failed: getprotobyname
15 enable_enobufs failed: getprotobyname
15 enable_enobufs failed: getprotobyname
15 enable_enobufs failed: getprotobyname
15 enable_enobufs failed: getprotobyname
15 enable_enobufs failed: getprotobyname
15 enable_enobufs failed: getprotobyname
15 enable_enobufs failed: getprotobyname
15 enable_enobufs failed: getprotobyname
15 enable_enobufs failed: getprotobyname
15 enable_enobufs failed: getprotobyname
15 enable_enobufs failed: getprotobyname
15 enable_enobufs failed: getprotobyname
15 enable_enobufs failed: getprotobyname
15 enable_enobufs failed: getprotobyname
15 enable_enobufs failed: getprotobyname
15 enable_enobufs failed: getprotobyname
15 enable_enobufs failed: getprotobyname
15 enable_enobufs failed: getprotobyname
15 enable_enobufs failed: getprotobyname
15 enable_enobufs failed: getprotobyname
15 enable_enobufs failed: getprotobyname
15 enable_enobufs failed: getprotobyname
15 enable_enobufs failed: getprotobyname
15 enable_enobufs failed: getprotobyname
15 enable_enobufs failed: getprotobyname
15 enable_enobufs failed: getprotobyname
15 enable_enobufs failed: getprotobyname
15 enable_enobufs failed: getprotobyname
15 enable_enobufs failed: getprotobyname
15 enable_enobufs failed: getprotobyname
15 enable_enobufs failed: getprotobyname
15 enable_enobufs failed: getprotobyname
15 enable_enobufs failed: getprotobyname
15 enable_enobufs failed: getprotobyname
15 enable_enobufs failed: getprotobyname
15 enable_enobufs failed: getprotobyname
15 enable_enobufs failed: getprotobyname
15 enable_enobufs failed: getprotobyname
15 enable_enobufs failed: getprotobyname
15 enable_enobufs failed: getprotobyname
15 enable_enobufs failed: getprotobyname
15 enable_enobufs failed: getprotobyname
15 enable_enobufs failed: getprotobyname
15 enable_enobufs failed: getprotobyname
15 enable_enobufs failed: getprotobyname
15 enable_enobufs failed: getprotobyname
15 enable_enobufs failed: getprotobyname
15 enable_enobufs failed: getprotobyname
15 enable_enobufs failed: getprotobyname
15 enable_enobufs failed: getprotobyname
15 enable_enobufs failed: getprotobyname
15 enable_enobufs failed: getprotobyname
15 enable_enobufs failed: getprotobyname
15 enable_enobufs failed: getprotobyname
15 enable_enobufs failed: getprotobyname
15 enable_enobufs failed: getprotobyname
15 enable_enobufs failed: getprotobyname
15 enable_enobufs failed: getprotobyname
15 enable_enobufs failed: getprotobyname
15 THROUGHPUT=1286.69
15 THROUGHPUT_UNITS=Trans/s
15 THROUGHPUT_CONFID=-1.000
15 PROTOCOL=TCP
15 ELAPSED_TIME=300.00
15 LOCAL_SEND_CALLS=386008
15 LOCAL_BYTES_PER_SEND=1.00
15 LOCAL_RECV_CALLS=386008
15 LOCAL_BYTES_PER_RECV=1.00
15 REMOTE_SEND_CALLS=386008
15 REMOTE_BYTES_PER_SEND=1.00
15 REMOTE_RECV_CALLS=386008
15 REMOTE_BYTES_PER_RECV=1.00
15 LOCAL_SYSNAME=Linux
15 LOCAL_RELEASE=5.14.0-427.42.1.el9_4.x86_64
15 LOCAL_VERSION=#1 SMP PREEMPT_DYNAMIC Fri Oct 18 14:35:40 EDT 2024
15 LOCAL_MACHINE=x86_64
15 COMMAND_LINE="netperf -s 2 -l 300 -j -H 10.233.227.141 -t tcp_crr -- -P ,8000 -k THROUGHPUT,THROUGHPUT_UNITS,THROUGHPUT_CONFID,PROTOCOL,ELAPSED_TIME,LOCAL_SEND_CALLS,LOCAL_BYTES_PER_SEND,LOCAL_RECV_CALLS,LOCAL_BYTES_PER_RECV,REMOTE_SEND_CALLS,REMOTE_BYTES_PER_SEND,REMOTE_RECV_CALLS,REMOTE_BYTES_PER_RECV,LOCAL_SYSNAME,LOCAL_RELEASE,LOCAL_VERSION,LOCAL_MACHINE,REMOTEL_SYSNAME,REMOTEL_RELEASE,REMOTEL_VERSION,REMOTEL_MACHINE,COMMAND_LINE,LOCAL_TRANSPORT_RETRANS,REMOTE_TRANSPORT_RETRANS,TRANSACTION_RATE,P50_LATENCY,P90_LATENCY,RT_LATENCY,MEAN_LATENCY,STDEV_LATENCY,REQUEST_SIZE,RESPONSE_SIZE,BURST_SIZE"
15 LOCAL_TRANSPORT_RETRANS=0
15 REMOTE_TRANSPORT_RETRANS=-1
15 TRANSACTION_RATE=1286.693
15 P50_LATENCY=483
15 P90_LATENCY=1143
15 RT_LATENCY=777.186
15 MEAN_LATENCY=776.89
15 REQUEST_SIZE=1
15 RESPONSE_SIZE=1
15 BURST_SIZE=0
ufs failed: getprotobyname
17 enable_enobufs failed: getprotobyname
17 enable_enobufs failed: getprotobyname
17 enable_enobufs failed: getprotobyname
17 enable_enobufs failed: getprotobyname
17 enable_enobufs failed: getprotobyname
17 enable_enobufs failed: getprotobyname
17 enable_enobufs failed: getprotobyname
17 enable_enobufs failed: getprotobyname
17 enable_enobufs failed: getprotobyname
17 enable_enobufs failed: getprotobyname
17 enable_enobufs failed: getprotobyname
17 enable_enobufs failed: getprotobyname
17 enable_enobufs failed: getprotobyname
17 enable_enobufs failed: getprotobyname
17 enable_enobufs failed: getprotobyname
17 enable_enobufs failed: getprotobyname
17 enable_enobufs failed: getprotobyname
17 enable_enobufs failed: getprotobyname
17 enable_enobufs failed: getprotobyname
17 enable_enobufs failed: getprotobyname
17 enable_enobufs failed: getprotobyname
17 enable_enobufs failed: getprotobyname
17 enable_enobufs failed: getprotobyname
17 enable_enobufs failed: getprotobyname
17 THROUGHPUT=1271.47
17 THROUGHPUT_UNITS=Trans/s
17 THROUGHPUT_CONFID=-1.000
17 PROTOCOL=TCP
17 ELAPSED_TIME=300.00
17 LOCAL_SEND_CALLS=381442
17 LOCAL_BYTES_PER_SEND=1.00
17 LOCAL_RECV_CALLS=381441
17 LOCAL_BYTES_PER_RECV=1.00
17 REMOTE_SEND_CALLS=381442
17 REMOTE_BYTES_PER_SEND=1.00
17 REMOTE_RECV_CALLS=381442
17 REMOTE_BYTES_PER_RECV=1.00
17 LOCAL_SYSNAME=Linux
17 LOCAL_RELEASE=5.14.0-427.42.1.el9_4.x86_64
17 LOCAL_VERSION=#1 SMP PREEMPT_DYNAMIC Fri Oct 18 14:35:40 EDT 2024
17 LOCAL_MACHINE=x86_64
17 COMMAND_LINE="netperf -s 2 -l 300 -j -H 10.233.227.141 -t tcp_crr -- -P ,8000 -k THROUGHPUT,THROUGHPUT_UNITS,THROUGHPUT_CONFID,PROTOCOL,ELAPSED_TIME,LOCAL_SEND_CALLS,LOCAL_BYTES_PER_SEND,LOCAL_RECV_CALLS,LOCAL_BYTES_PER_RECV,REMOTE_SEND_CALLS,REMOTE_BYTES_PER_SEND,REMOTE_RECV_CALLS,REMOTE_BYTES_PER_RECV,LOCAL_SYSNAME,LOCAL_RELEASE,LOCAL_VERSION,LOCAL_MACHINE,REMOTEL_SYSNAME,REMOTEL_RELEASE,REMOTEL_VERSION,REMOTEL_MACHINE,COMMAND_LINE,LOCAL_TRANSPORT_RETRANS,REMOTE_TRANSPORT_RETRANS,TRANSACTION_RATE,P50_LATENCY,P90_LATENCY,RT_LATENCY,MEAN_LATENCY,STDEV_LATENCY,REQUEST_SIZE,RESPONSE_SIZE,BURST_SIZE"
17 LOCAL_TRANSPORT_RETRANS=0
17 REMOTE_TRANSPORT_RETRANS=-1
17 TRANSACTION_RATE=1271.470
17 P50_LATENCY=488
17 P90_LATENCY=1165
17 RT_LATENCY=786.491
17 MEAN_LATENCY=786.19
17 REQUEST_SIZE=1
17 RESPONSE_SIZE=1
17 BURST_SIZE=0
 failed: getprotobyname
25 enable_enobufs failed: getprotobyname
25 enable_enobufs failed: getprotobyname
25 enable_enobufs failed: getprotobyname
25 enable_enobufs failed: getprotobyname
25 enable_enobufs failed: getprotobyname
25 enable_enobufs failed: getprotobyname
25 enable_enobufs failed: getprotobyname
25 enable_enobufs failed: getprotobyname
25 enable_enobufs failed: getprotobyname
25 enable_enobufs failed: getprotobyname
25 enable_enobufs failed: getprotobyname
25 enable_enobufs failed: getprotobyname
25 enable_enobufs failed: getprotobyname
25 enable_enobufs failed: getprotobyname
25 enable_enobufs failed: getprotobyname
25 enable_enobufs failed: getprotobyname
25 enable_enobufs failed: getprotobyname
25 THROUGHPUT=1267.78
25 THROUGHPUT_UNITS=Trans/s
25 THROUGHPUT_CONFID=-1.000
25 PROTOCOL=TCP
25 ELAPSED_TIME=300.00
25 LOCAL_SEND_CALLS=380335
25 LOCAL_BYTES_PER_SEND=1.00
25 LOCAL_RECV_CALLS=380335
25 LOCAL_BYTES_PER_RECV=1.00
25 REMOTE_SEND_CALLS=380336
25 REMOTE_BYTES_PER_SEND=1.00
25 REMOTE_RECV_CALLS=380335
25 REMOTE_BYTES_PER_RECV=1.00
25 LOCAL_SYSNAME=Linux
25 LOCAL_RELEASE=5.14.0-427.42.1.el9_4.x86_64
25 LOCAL_VERSION=#1 SMP PREEMPT_DYNAMIC Fri Oct 18 14:35:40 EDT 2024
25 LOCAL_MACHINE=x86_64
25 COMMAND_LINE="netperf -s 2 -l 300 -j -H 10.233.227.141 -t tcp_crr -- -P ,8000 -k THROUGHPUT,THROUGHPUT_UNITS,THROUGHPUT_CONFID,PROTOCOL,ELAPSED_TIME,LOCAL_SEND_CALLS,LOCAL_BYTES_PER_SEND,LOCAL_RECV_CALLS,LOCAL_BYTES_PER_RECV,REMOTE_SEND_CALLS,REMOTE_BYTES_PER_SEND,REMOTE_RECV_CALLS,REMOTE_BYTES_PER_RECV,LOCAL_SYSNAME,LOCAL_RELEASE,LOCAL_VERSION,LOCAL_MACHINE,REMOTEL_SYSNAME,REMOTEL_RELEASE,REMOTEL_VERSION,REMOTEL_MACHINE,COMMAND_LINE,LOCAL_TRANSPORT_RETRANS,REMOTE_TRANSPORT_RETRANS,TRANSACTION_RATE,P50_LATENCY,P90_LATENCY,RT_LATENCY,MEAN_LATENCY,STDEV_LATENCY,REQUEST_SIZE,RESPONSE_SIZE,BURST_SIZE"
25 LOCAL_TRANSPORT_RETRANS=0
25 REMOTE_TRANSPORT_RETRANS=-1
25 TRANSACTION_RATE=1267.783
25 P50_LATENCY=492
25 P90_LATENCY=1174
25 RT_LATENCY=788.779
25 MEAN_LATENCY=788.51
25 REQUEST_SIZE=1
25 RESPONSE_SIZE=1
25 BURST_SIZE=0
26 enable_enobufs failed: getprotobyname
26 enable_enobufs failed: getprotobyname
26 enable_enobufs failed: getprotobyname
26 enable_enobufs failed: getprotobyname
26 enable_enobufs failed: getprotobyname
26 enable_enobufs failed: getprotobyname
26 enable_enobufs failed: getprotobyname
26 enable_enobufs failed: getprotobyname
26 enable_enobufs failed: getprotobyname
26 enable_enobufs failed: getprotobyname
26 enable_enobufs failed: getprotobyname
26 enable_enobufs failed: getprotobyname
26 enable_enobufs failed: getprotobyname
26 enable_enobufs failed: getprotobyname
26 enable_enobufs failed: getprotobyname
26 enable_enobufs failed: getprotobyname
26 enable_enobufs failed: getprotobyname
26 enable_enobufs failed: getprotobyname
26 enable_enobufs failed: getprotobyname
26 enable_enobufs failed: getprotobyname
26 enable_enobufs failed: getprotobyname
26 enable_enobufs failed: getprotobyname
26 enable_enobufs failed: getprotobyname
26 enable_enobufs failed: getprotobyname
26 enable_enobufs failed: getprotobyname
26 enable_enobufs failed: getprotobyname
26 enable_enobufs failed: getprotobyname
26 enable_enobufs failed: getprotobyname
26 enable_enobufs failed: getprotobyname
26 enable_enobufs failed: getprotobyname
26 enable_enobufs failed: getprotobyname
26 THROUGHPUT=1279.50
26 THROUGHPUT_UNITS=Trans/s
26 THROUGHPUT_CONFID=-1.000
26 PROTOCOL=TCP
26 ELAPSED_TIME=300.00
26 LOCAL_SEND_CALLS=383850
26 LOCAL_BYTES_PER_SEND=1.00
26 LOCAL_RECV_CALLS=383849
26 LOCAL_BYTES_PER_RECV=1.00
26 REMOTE_SEND_CALLS=383850
26 REMOTE_BYTES_PER_SEND=1.00
26 REMOTE_RECV_CALLS=383850
26 REMOTE_BYTES_PER_RECV=1.00
26 LOCAL_SYSNAME=Linux
26 LOCAL_RELEASE=5.14.0-427.42.1.el9_4.x86_64
26 LOCAL_VERSION=#1 SMP PREEMPT_DYNAMIC Fri Oct 18 14:35:40 EDT 2024
26 LOCAL_MACHINE=x86_64
26 COMMAND_LINE="netperf -s 2 -l 300 -j -H 10.233.227.141 -t tcp_crr -- -P ,8000 -k THROUGHPUT,THROUGHPUT_UNITS,THROUGHPUT_CONFID,PROTOCOL,ELAPSED_TIME,LOCAL_SEND_CALLS,LOCAL_BYTES_PER_SEND,LOCAL_RECV_CALLS,LOCAL_BYTES_PER_RECV,REMOTE_SEND_CALLS,REMOTE_BYTES_PER_SEND,REMOTE_RECV_CALLS,REMOTE_BYTES_PER_RECV,LOCAL_SYSNAME,LOCAL_RELEASE,LOCAL_VERSION,LOCAL_MACHINE,REMOTEL_SYSNAME,REMOTEL_RELEASE,REMOTEL_VERSION,REMOTEL_MACHINE,COMMAND_LINE,LOCAL_TRANSPORT_RETRANS,REMOTE_TRANSPORT_RETRANS,TRANSACTION_RATE,P50_LATENCY,P90_LATENCY,RT_LATENCY,MEAN_LATENCY,STDEV_LATENCY,REQUEST_SIZE,RESPONSE_SIZE,BURST_SIZE"
26 LOCAL_TRANSPORT_RETRANS=0
26 REMOTE_TRANSPORT_RETRANS=-1
26 TRANSACTION_RATE=1279.495
26 P50_LATENCY=484
26 P90_LATENCY=1151
26 RT_LATENCY=781.558
26 MEAN_LATENCY=781.28
26 REQUEST_SIZE=1
26 RESPONSE_SIZE=1
26 BURST_SIZE=0
 getprotobyname
09 enable_enobufs failed: getprotobyname
09 enable_enobufs failed: getprotobyname
09 enable_enobufs failed: getprotobyname
09 enable_enobufs failed: getprotobyname
09 enable_enobufs failed: getprotobyname
09 enable_enobufs failed: getprotobyname
09 enable_enobufs failed: getprotobyname
09 enable_enobufs failed: getprotobyname
09 enable_enobufs failed: getprotobyname
09 enable_enobufs failed: getprotobyname
09 enable_enobufs failed: getprotobyname
09 enable_enobufs failed: getprotobyname
09 enable_enobufs failed: getprotobyname
09 enable_enobufs failed: getprotobyname
09 enable_enobufs failed: getprotobyname
09 enable_enobufs failed: getprotobyname
09 enable_enobufs failed: getprotobyname
09 enable_enobufs failed: getprotobyname
09 enable_enobufs failed: getprotobyname
09 enable_enobufs failed: getprotobyname
09 enable_enobufs failed: getprotobyname
09 enable_enobufs failed: getprotobyname
09 enable_enobufs failed: getprotobyname
09 enable_enobufs failed: getprotobyname
09 enable_enobufs failed: getprotobyname
09 enable_enobufs failed: getprotobyname
09 enable_enobufs failed: getprotobyname
09 enable_enobufs failed: getprotobyname
09 enable_enobufs failed: getprotobyname
09 enable_enobufs failed: getprotobyname
09 enable_enobufs failed: getprotobyname
09 enable_enobufs failed: getprotobyname
09 enable_enobufs failed: getprotobyname
09 enable_enobufs failed: getprotobyname
09 enable_enobufs failed: getprotobyname
09 enable_enobufs failed: getprotobyname
09 enable_enobufs failed: getprotobyname
09 enable_enobufs failed: getprotobyname
09 enable_enobufs failed: getprotobyname
09 enable_enobufs failed: getprotobyname
09 enable_enobufs failed: getprotobyname
09 enable_enobufs failed: getprotobyname
09 enable_enobufs failed: getprotobyname
09 enable_enobufs failed: getprotobyname
09 enable_enobufs failed: getprotobyname
09 enable_enobufs failed: getprotobyname
09 enable_enobufs failed: getprotobyname
09 enable_enobufs failed: getprotobyname
09 enable_enobufs failed: getprotobyname
09 enable_enobufs failed: getprotobyname
09 enable_enobufs failed: getprotobyname
09 enable_enobufs failed: getprotobyname
09 enable_enobufs failed: getprotobyname
09 enable_enobufs failed: getprotobyname
09 enable_enobufs failed: getprotobyname
09 enable_enobufs failed: getprotobyname
09 enable_enobufs failed: getprotobyname
09 enable_enobufs failed: getprotobyname
09 enable_enobufs failed: getprotobyname
09 enable_enobufs failed: getprotobyname
09 enable_enobufs failed: getprotobyname
09 enable_enobufs failed: getprotobyname
09 enable_enobufs failed: getprotobyname
09 enable_enobufs failed: getprotobyname
09 enable_enobufs failed: getprotobyname
09 enable_enobufs failed: getprotobyname
09 enable_enobufs failed: getprotobyname
09 enable_enobufs failed: getprotobyname
09 enable_enobufs failed: getprotobyname
09 enable_enobufs failed: getprotobyname
09 enable_enobufs failed: getprotobyname
09 enable_enobufs failed: getprotobyname
09 enable_enobufs failed: getprotobyname
09 THROUGHPUT=207.05
09 THROUGHPUT_UNITS=Trans/s
09 THROUGHPUT_CONFID=-1.000
09 PROTOCOL=TCP
09 ELAPSED_TIME=1163.67
09 LOCAL_SEND_CALLS=240935
09 LOCAL_BYTES_PER_SEND=1.00
09 LOCAL_RECV_CALLS=240934
09 LOCAL_BYTES_PER_RECV=1.00
09 REMOTE_SEND_CALLS=240935
09 REMOTE_BYTES_PER_SEND=1.00
09 REMOTE_RECV_CALLS=240935
09 REMOTE_BYTES_PER_RECV=1.00
09 LOCAL_SYSNAME=Linux
09 LOCAL_RELEASE=5.14.0-427.42.1.el9_4.x86_64
09 LOCAL_VERSION=#1 SMP PREEMPT_DYNAMIC Fri Oct 18 14:35:40 EDT 2024
09 LOCAL_MACHINE=x86_64
09 COMMAND_LINE="netperf -s 2 -l 300 -j -H 10.233.227.141 -t tcp_crr -- -P ,8000 -k THROUGHPUT,THROUGHPUT_UNITS,THROUGHPUT_CONFID,PROTOCOL,ELAPSED_TIME,LOCAL_SEND_CALLS,LOCAL_BYTES_PER_SEND,LOCAL_RECV_CALLS,LOCAL_BYTES_PER_RECV,REMOTE_SEND_CALLS,REMOTE_BYTES_PER_SEND,REMOTE_RECV_CALLS,REMOTE_BYTES_PER_RECV,LOCAL_SYSNAME,LOCAL_RELEASE,LOCAL_VERSION,LOCAL_MACHINE,REMOTEL_SYSNAME,REMOTEL_RELEASE,REMOTEL_VERSION,REMOTEL_MACHINE,COMMAND_LINE,LOCAL_TRANSPORT_RETRANS,REMOTE_TRANSPORT_RETRANS,TRANSACTION_RATE,P50_LATENCY,P90_LATENCY,RT_LATENCY,MEAN_LATENCY,STDEV_LATENCY,REQUEST_SIZE,RESPONSE_SIZE,BURST_SIZE"
09 LOCAL_TRANSPORT_RETRANS=9
09 REMOTE_TRANSPORT_RETRANS=-1
09 TRANSACTION_RATE=207.046
09 P50_LATENCY=548
09 P90_LATENCY=1248
09 RT_LATENCY=4829.847
09 MEAN_LATENCY=893.53
09 REQUEST_SIZE=1
09 RESPONSE_SIZE=1
09 BURST_SIZE=0
nable_enobufs failed: getprotobyname
28 enable_enobufs failed: getprotobyname
28 enable_enobufs failed: getprotobyname
28 enable_enobufs failed: getprotobyname
28 enable_enobufs failed: getprotobyname
28 enable_enobufs failed: getprotobyname
28 enable_enobufs failed: getprotobyname
28 enable_enobufs failed: getprotobyname
28 enable_enobufs failed: getprotobyname
28 enable_enobufs failed: getprotobyname
28 enable_enobufs failed: getprotobyname
28 enable_enobufs failed: getprotobyname
28 enable_enobufs failed: getprotobyname
28 enable_enobufs failed: getprotobyname
28 enable_enobufs failed: getprotobyname
28 enable_enobufs failed: getprotobyname
28 enable_enobufs failed: getprotobyname
28 enable_enobufs failed: getprotobyname
28 enable_enobufs failed: getprotobyname
28 enable_enobufs failed: getprotobyname
28 enable_enobufs failed: getprotobyname
28 enable_enobufs failed: getprotobyname
28 enable_enobufs failed: getprotobyname
28 enable_enobufs failed: getprotobyname
28 enable_enobufs failed: getprotobyname
28 enable_enobufs failed: getprotobyname
28 enable_enobufs failed: getprotobyname
28 enable_enobufs failed: getprotobyname
28 enable_enobufs failed: getprotobyname
28 enable_enobufs failed: getprotobyname
28 enable_enobufs failed: getprotobyname
28 enable_enobufs failed: getprotobyname
28 enable_enobufs failed: getprotobyname
28 enable_enobufs failed: getprotobyname
28 enable_enobufs failed: getprotobyname
28 enable_enobufs failed: getprotobyname
28 enable_enobufs failed: getprotobyname
28 enable_enobufs failed: getprotobyname
28 enable_enobufs failed: getprotobyname
28 enable_enobufs failed: getprotobyname
28 enable_enobufs failed: getprotobyname
28 enable_enobufs failed: getprotobyname
28 enable_enobufs failed: getprotobyname
28 enable_enobufs failed: getprotobyname
28 enable_enobufs failed: getprotobyname
28 enable_enobufs failed: getprotobyname
28 enable_enobufs failed: getprotobyname
28 enable_enobufs failed: getprotobyname
28 enable_enobufs failed: getprotobyname
28 enable_enobufs failed: getprotobyname
28 enable_enobufs failed: getprotobyname
28 enable_enobufs failed: getprotobyname
28 enable_enobufs failed: getprotobyname
28 THROUGHPUT=203.08
28 THROUGHPUT_UNITS=Trans/s
28 THROUGHPUT_CONFID=-1.000
28 PROTOCOL=TCP
28 ELAPSED_TIME=1163.66
28 LOCAL_SEND_CALLS=236319
28 LOCAL_BYTES_PER_SEND=1.00
28 LOCAL_RECV_CALLS=236318
28 LOCAL_BYTES_PER_RECV=1.00
28 REMOTE_SEND_CALLS=236319
28 REMOTE_BYTES_PER_SEND=1.00
28 REMOTE_RECV_CALLS=236319
28 REMOTE_BYTES_PER_RECV=1.00
28 LOCAL_SYSNAME=Linux
28 LOCAL_RELEASE=5.14.0-427.42.1.el9_4.x86_64
28 LOCAL_VERSION=#1 SMP PREEMPT_DYNAMIC Fri Oct 18 14:35:40 EDT 2024
28 LOCAL_MACHINE=x86_64
28 COMMAND_LINE="netperf -s 2 -l 300 -j -H 10.233.227.141 -t tcp_crr -- -P ,8000 -k THROUGHPUT,THROUGHPUT_UNITS,THROUGHPUT_CONFID,PROTOCOL,ELAPSED_TIME,LOCAL_SEND_CALLS,LOCAL_BYTES_PER_SEND,LOCAL_RECV_CALLS,LOCAL_BYTES_PER_RECV,REMOTE_SEND_CALLS,REMOTE_BYTES_PER_SEND,REMOTE_RECV_CALLS,REMOTE_BYTES_PER_RECV,LOCAL_SYSNAME,LOCAL_RELEASE,LOCAL_VERSION,LOCAL_MACHINE,REMOTEL_SYSNAME,REMOTEL_RELEASE,REMOTEL_VERSION,REMOTEL_MACHINE,COMMAND_LINE,LOCAL_TRANSPORT_RETRANS,REMOTE_TRANSPORT_RETRANS,TRANSACTION_RATE,P50_LATENCY,P90_LATENCY,RT_LATENCY,MEAN_LATENCY,STDEV_LATENCY,REQUEST_SIZE,RESPONSE_SIZE,BURST_SIZE"
28 LOCAL_TRANSPORT_RETRANS=9
28 REMOTE_TRANSPORT_RETRANS=-1
28 TRANSACTION_RATE=203.081
28 P50_LATENCY=561
28 P90_LATENCY=1273
28 RT_LATENCY=4924.134
28 MEAN_LATENCY=910.94
28 REQUEST_SIZE=1
28 RESPONSE_SIZE=1
28 BURST_SIZE=0
able_enobufs failed: getprotobyname
18 enable_enobufs failed: getprotobyname
18 enable_enobufs failed: getprotobyname
18 enable_enobufs failed: getprotobyname
18 enable_enobufs failed: getprotobyname
18 enable_enobufs failed: getprotobyname
18 enable_enobufs failed: getprotobyname
18 enable_enobufs failed: getprotobyname
18 enable_enobufs failed: getprotobyname
18 enable_enobufs failed: getprotobyname
18 enable_enobufs failed: getprotobyname
18 enable_enobufs failed: getprotobyname
18 enable_enobufs failed: getprotobyname
18 THROUGHPUT=203.90
18 THROUGHPUT_UNITS=Trans/s
18 THROUGHPUT_CONFID=-1.000
18 PROTOCOL=TCP
18 ELAPSED_TIME=1163.67
18 LOCAL_SEND_CALLS=237278
18 LOCAL_BYTES_PER_SEND=1.00
18 LOCAL_RECV_CALLS=237277
18 LOCAL_BYTES_PER_RECV=1.00
18 REMOTE_SEND_CALLS=237278
18 REMOTE_BYTES_PER_SEND=1.00
18 REMOTE_RECV_CALLS=237278
18 REMOTE_BYTES_PER_RECV=1.00
18 LOCAL_SYSNAME=Linux
18 LOCAL_RELEASE=5.14.0-427.42.1.el9_4.x86_64
18 LOCAL_VERSION=#1 SMP PREEMPT_DYNAMIC Fri Oct 18 14:35:40 EDT 2024
18 LOCAL_MACHINE=x86_64
18 COMMAND_LINE="netperf -s 2 -l 300 -j -H 10.233.227.141 -t tcp_crr -- -P ,8000 -k THROUGHPUT,THROUGHPUT_UNITS,THROUGHPUT_CONFID,PROTOCOL,ELAPSED_TIME,LOCAL_SEND_CALLS,LOCAL_BYTES_PER_SEND,LOCAL_RECV_CALLS,LOCAL_BYTES_PER_RECV,REMOTE_SEND_CALLS,REMOTE_BYTES_PER_SEND,REMOTE_RECV_CALLS,REMOTE_BYTES_PER_RECV,LOCAL_SYSNAME,LOCAL_RELEASE,LOCAL_VERSION,LOCAL_MACHINE,REMOTEL_SYSNAME,REMOTEL_RELEASE,REMOTEL_VERSION,REMOTEL_MACHINE,COMMAND_LINE,LOCAL_TRANSPORT_RETRANS,REMOTE_TRANSPORT_RETRANS,TRANSACTION_RATE,P50_LATENCY,P90_LATENCY,RT_LATENCY,MEAN_LATENCY,STDEV_LATENCY,REQUEST_SIZE,RESPONSE_SIZE,BURST_SIZE"
18 LOCAL_TRANSPORT_RETRANS=9
18 REMOTE_TRANSPORT_RETRANS=-1
18 TRANSACTION_RATE=203.904
18 P50_LATENCY=559
18 P90_LATENCY=1266
18 RT_LATENCY=4904.257
18 MEAN_LATENCY=907.30
18 REQUEST_SIZE=1
18 RESPONSE_SIZE=1
18 BURST_SIZE=0
getprotobyname
06 enable_enobufs failed: getprotobyname
06 enable_enobufs failed: getprotobyname
06 enable_enobufs failed: getprotobyname
06 enable_enobufs failed: getprotobyname
06 enable_enobufs failed: getprotobyname
06 enable_enobufs failed: getprotobyname
06 enable_enobufs failed: getprotobyname
06 enable_enobufs failed: getprotobyname
06 enable_enobufs failed: getprotobyname
06 enable_enobufs failed: getprotobyname
06 enable_enobufs failed: getprotobyname
06 enable_enobufs failed: getprotobyname
06 enable_enobufs failed: getprotobyname
06 enable_enobufs failed: getprotobyname
06 enable_enobufs failed: getprotobyname
06 enable_enobufs failed: getprotobyname
06 enable_enobufs failed: getprotobyname
06 enable_enobufs failed: getprotobyname
06 enable_enobufs failed: getprotobyname
06 enable_enobufs failed: getprotobyname
06 enable_enobufs failed: getprotobyname
06 enable_enobufs failed: getprotobyname
06 enable_enobufs failed: getprotobyname
06 enable_enobufs failed: getprotobyname
06 enable_enobufs failed: getprotobyname
06 enable_enobufs failed: getprotobyname
06 enable_enobufs failed: getprotobyname
06 enable_enobufs failed: getprotobyname
06 enable_enobufs failed: getprotobyname
06 enable_enobufs failed: getprotobyname
06 enable_enobufs failed: getprotobyname
06 enable_enobufs failed: getprotobyname
06 enable_enobufs failed: getprotobyname
06 enable_enobufs failed: getprotobyname
06 enable_enobufs failed: getprotobyname
06 enable_enobufs failed: getprotobyname
06 enable_enobufs failed: getprotobyname
06 enable_enobufs failed: getprotobyname
06 enable_enobufs failed: getprotobyname
06 enable_enobufs failed: getprotobyname
06 enable_enobufs failed: getprotobyname
06 enable_enobufs failed: getprotobyname
06 THROUGHPUT=207.88
06 THROUGHPUT_UNITS=Trans/s
06 THROUGHPUT_CONFID=-1.000
06 PROTOCOL=TCP
06 ELAPSED_TIME=1163.68
06 LOCAL_SEND_CALLS=241903
06 LOCAL_BYTES_PER_SEND=1.00
06 LOCAL_RECV_CALLS=241902
06 LOCAL_BYTES_PER_RECV=1.00
06 REMOTE_SEND_CALLS=241903
06 REMOTE_BYTES_PER_SEND=1.00
06 REMOTE_RECV_CALLS=241903
06 REMOTE_BYTES_PER_RECV=1.00
06 LOCAL_SYSNAME=Linux
06 LOCAL_RELEASE=5.14.0-427.42.1.el9_4.x86_64
06 LOCAL_VERSION=#1 SMP PREEMPT_DYNAMIC Fri Oct 18 14:35:40 EDT 2024
06 LOCAL_MACHINE=x86_64
06 COMMAND_LINE="netperf -s 2 -l 300 -j -H 10.233.227.141 -t tcp_crr -- -P ,8000 -k THROUGHPUT,THROUGHPUT_UNITS,THROUGHPUT_CONFID,PROTOCOL,ELAPSED_TIME,LOCAL_SEND_CALLS,LOCAL_BYTES_PER_SEND,LOCAL_RECV_CALLS,LOCAL_BYTES_PER_RECV,REMOTE_SEND_CALLS,REMOTE_BYTES_PER_SEND,REMOTE_RECV_CALLS,REMOTE_BYTES_PER_RECV,LOCAL_SYSNAME,LOCAL_RELEASE,LOCAL_VERSION,LOCAL_MACHINE,REMOTEL_SYSNAME,REMOTEL_RELEASE,REMOTEL_VERSION,REMOTEL_MACHINE,COMMAND_LINE,LOCAL_TRANSPORT_RETRANS,REMOTE_TRANSPORT_RETRANS,TRANSACTION_RATE,P50_LATENCY,P90_LATENCY,RT_LATENCY,MEAN_LATENCY,STDEV_LATENCY,REQUEST_SIZE,RESPONSE_SIZE,BURST_SIZE"
06 LOCAL_TRANSPORT_RETRANS=9
06 REMOTE_TRANSPORT_RETRANS=-1
06 TRANSACTION_RATE=207.878
06 P50_LATENCY=546
06 P90_LATENCY=1240
06 RT_LATENCY=4810.525
06 MEAN_LATENCY=889.98
06 REQUEST_SIZE=1
06 RESPONSE_SIZE=1
06 BURST_SIZE=0
getprotobyname
24 enable_enobufs failed: getprotobyname
24 enable_enobufs failed: getprotobyname
24 enable_enobufs failed: getprotobyname
24 enable_enobufs failed: getprotobyname
24 enable_enobufs failed: getprotobyname
24 enable_enobufs failed: getprotobyname
24 enable_enobufs failed: getprotobyname
24 enable_enobufs failed: getprotobyname
24 enable_enobufs failed: getprotobyname
24 enable_enobufs failed: getprotobyname
24 enable_enobufs failed: getprotobyname
24 enable_enobufs failed: getprotobyname
24 enable_enobufs failed: getprotobyname
24 enable_enobufs failed: getprotobyname
24 enable_enobufs failed: getprotobyname
24 enable_enobufs failed: getprotobyname
24 enable_enobufs failed: getprotobyname
24 enable_enobufs failed: getprotobyname
24 enable_enobufs failed: getprotobyname
24 enable_enobufs failed: getprotobyname
24 enable_enobufs failed: getprotobyname
24 enable_enobufs failed: getprotobyname
24 enable_enobufs failed: getprotobyname
24 enable_enobufs failed: getprotobyname
24 enable_enobufs failed: getprotobyname
24 enable_enobufs failed: getprotobyname
24 enable_enobufs failed: getprotobyname
24 enable_enobufs failed: getprotobyname
24 enable_enobufs failed: getprotobyname
24 enable_enobufs failed: getprotobyname
24 enable_enobufs failed: getprotobyname
24 enable_enobufs failed: getprotobyname
24 enable_enobufs failed: getprotobyname
24 enable_enobufs failed: getprotobyname
24 enable_enobufs failed: getprotobyname
24 enable_enobufs failed: getprotobyname
24 enable_enobufs failed: getprotobyname
24 THROUGHPUT=203.64
24 THROUGHPUT_UNITS=Trans/s
24 THROUGHPUT_CONFID=-1.000
24 PROTOCOL=TCP
24 ELAPSED_TIME=1167.76
24 LOCAL_SEND_CALLS=237802
24 LOCAL_BYTES_PER_SEND=1.00
24 LOCAL_RECV_CALLS=237801
24 LOCAL_BYTES_PER_RECV=1.00
24 REMOTE_SEND_CALLS=237802
24 REMOTE_BYTES_PER_SEND=1.00
24 REMOTE_RECV_CALLS=237802
24 REMOTE_BYTES_PER_RECV=1.00
24 LOCAL_SYSNAME=Linux
24 LOCAL_RELEASE=5.14.0-427.42.1.el9_4.x86_64
24 LOCAL_VERSION=#1 SMP PREEMPT_DYNAMIC Fri Oct 18 14:35:40 EDT 2024
24 LOCAL_MACHINE=x86_64
24 COMMAND_LINE="netperf -s 2 -l 300 -j -H 10.233.227.141 -t tcp_crr -- -P ,8000 -k THROUGHPUT,THROUGHPUT_UNITS,THROUGHPUT_CONFID,PROTOCOL,ELAPSED_TIME,LOCAL_SEND_CALLS,LOCAL_BYTES_PER_SEND,LOCAL_RECV_CALLS,LOCAL_BYTES_PER_RECV,REMOTE_SEND_CALLS,REMOTE_BYTES_PER_SEND,REMOTE_RECV_CALLS,REMOTE_BYTES_PER_RECV,LOCAL_SYSNAME,LOCAL_RELEASE,LOCAL_VERSION,LOCAL_MACHINE,REMOTEL_SYSNAME,REMOTEL_RELEASE,REMOTEL_VERSION,REMOTEL_MACHINE,COMMAND_LINE,LOCAL_TRANSPORT_RETRANS,REMOTE_TRANSPORT_RETRANS,TRANSACTION_RATE,P50_LATENCY,P90_LATENCY,RT_LATENCY,MEAN_LATENCY,STDEV_LATENCY,REQUEST_SIZE,RESPONSE_SIZE,BURST_SIZE"
24 LOCAL_TRANSPORT_RETRANS=9
24 REMOTE_TRANSPORT_RETRANS=-1
24 TRANSACTION_RATE=203.639
24 P50_LATENCY=562
24 P90_LATENCY=1272
24 RT_LATENCY=4910.662
24 MEAN_LATENCY=905.28
24 REQUEST_SIZE=1
24 RESPONSE_SIZE=1
24 BURST_SIZE=0

22 enable_enobufs failed: getprotobyname
22 enable_enobufs failed: getprotobyname
22 enable_enobufs failed: getprotobyname
22 enable_enobufs failed: getprotobyname
22 enable_enobufs failed: getprotobyname
22 enable_enobufs failed: getprotobyname
22 enable_enobufs failed: getprotobyname
22 enable_enobufs failed: getprotobyname
22 enable_enobufs failed: getprotobyname
22 enable_enobufs failed: getprotobyname
22 enable_enobufs failed: getprotobyname
22 enable_enobufs failed: getprotobyname
22 enable_enobufs failed: getprotobyname
22 enable_enobufs failed: getprotobyname
22 enable_enobufs failed: getprotobyname
22 enable_enobufs failed: getprotobyname
22 enable_enobufs failed: getprotobyname
22 THROUGHPUT=201.57
22 THROUGHPUT_UNITS=Trans/s
22 THROUGHPUT_CONFID=-1.000
22 PROTOCOL=TCP
22 ELAPSED_TIME=1167.76
22 LOCAL_SEND_CALLS=235384
22 LOCAL_BYTES_PER_SEND=1.00
22 LOCAL_RECV_CALLS=235383
22 LOCAL_BYTES_PER_RECV=1.00
22 REMOTE_SEND_CALLS=235384
22 REMOTE_BYTES_PER_SEND=1.00
22 REMOTE_RECV_CALLS=235384
22 REMOTE_BYTES_PER_RECV=1.00
22 LOCAL_SYSNAME=Linux
22 LOCAL_RELEASE=5.14.0-427.42.1.el9_4.x86_64
22 LOCAL_VERSION=#1 SMP PREEMPT_DYNAMIC Fri Oct 18 14:35:40 EDT 2024
22 LOCAL_MACHINE=x86_64
22 COMMAND_LINE="netperf -s 2 -l 300 -j -H 10.233.227.141 -t tcp_crr -- -P ,8000 -k THROUGHPUT,THROUGHPUT_UNITS,THROUGHPUT_CONFID,PROTOCOL,ELAPSED_TIME,LOCAL_SEND_CALLS,LOCAL_BYTES_PER_SEND,LOCAL_RECV_CALLS,LOCAL_BYTES_PER_RECV,REMOTE_SEND_CALLS,REMOTE_BYTES_PER_SEND,REMOTE_RECV_CALLS,REMOTE_BYTES_PER_RECV,LOCAL_SYSNAME,LOCAL_RELEASE,LOCAL_VERSION,LOCAL_MACHINE,REMOTEL_SYSNAME,REMOTEL_RELEASE,REMOTEL_VERSION,REMOTEL_MACHINE,COMMAND_LINE,LOCAL_TRANSPORT_RETRANS,REMOTE_TRANSPORT_RETRANS,TRANSACTION_RATE,P50_LATENCY,P90_LATENCY,RT_LATENCY,MEAN_LATENCY,STDEV_LATENCY,REQUEST_SIZE,RESPONSE_SIZE,BURST_SIZE"
22 LOCAL_TRANSPORT_RETRANS=9
22 REMOTE_TRANSPORT_RETRANS=-1
22 TRANSACTION_RATE=201.568
22 P50_LATENCY=564
22 P90_LATENCY=1271
22 RT_LATENCY=4961.111
22 MEAN_LATENCY=914.58
22 REQUEST_SIZE=1
22 RESPONSE_SIZE=1
22 BURST_SIZE=0
me
21 enable_enobufs failed: getprotobyname
21 enable_enobufs failed: getprotobyname
21 enable_enobufs failed: getprotobyname
21 enable_enobufs failed: getprotobyname
21 enable_enobufs failed: getprotobyname
21 enable_enobufs failed: getprotobyname
21 enable_enobufs failed: getprotobyname
21 enable_enobufs failed: getprotobyname
21 enable_enobufs failed: getprotobyname
21 enable_enobufs failed: getprotobyname
21 enable_enobufs failed: getprotobyname
21 enable_enobufs failed: getprotobyname
21 enable_enobufs failed: getprotobyname
21 enable_enobufs failed: getprotobyname
21 enable_enobufs failed: getprotobyname
21 enable_enobufs failed: getprotobyname
21 enable_enobufs failed: getprotobyname
21 enable_enobufs failed: getprotobyname
21 enable_enobufs failed: getprotobyname
21 enable_enobufs failed: getprotobyname
21 enable_enobufs failed: getprotobyname
21 enable_enobufs failed: getprotobyname
21 enable_enobufs failed: getprotobyname
21 enable_enobufs failed: getprotobyname
21 enable_enobufs failed: getprotobyname
21 enable_enobufs failed: getprotobyname
21 enable_enobufs failed: getprotobyname
21 enable_enobufs failed: getprotobyname
21 enable_enobufs failed: getprotobyname
21 enable_enobufs failed: getprotobyname
21 enable_enobufs failed: getprotobyname
21 enable_enobufs failed: getprotobyname
21 enable_enobufs failed: getprotobyname
21 enable_enobufs failed: getprotobyname
21 enable_enobufs failed: getprotobyname
21 enable_enobufs failed: getprotobyname
21 enable_enobufs failed: getprotobyname
21 enable_enobufs failed: getprotobyname
21 enable_enobufs failed: getprotobyname
21 enable_enobufs failed: getprotobyname
21 enable_enobufs failed: getprotobyname
21 enable_enobufs failed: getprotobyname
21 enable_enobufs failed: getprotobyname
21 enable_enobufs failed: getprotobyname
21 enable_enobufs failed: getprotobyname
21 enable_enobufs failed: getprotobyname
21 enable_enobufs failed: getprotobyname
21 enable_enobufs failed: getprotobyname
21 enable_enobufs failed: getprotobyname
21 enable_enobufs failed: getprotobyname
21 enable_enobufs failed: getprotobyname
21 enable_enobufs failed: getprotobyname
21 enable_enobufs failed: getprotobyname
21 enable_enobufs failed: getprotobyname
21 enable_enobufs failed: getprotobyname
21 enable_enobufs failed: getprotobyname
21 enable_enobufs failed: getprotobyname
21 enable_enobufs failed: getprotobyname
21 enable_enobufs failed: getprotobyname
21 enable_enobufs failed: getprotobyname
21 enable_enobufs failed: getprotobyname
21 enable_enobufs failed: getprotobyname
21 THROUGHPUT=203.40
21 THROUGHPUT_UNITS=Trans/s
21 THROUGHPUT_CONFID=-1.000
21 PROTOCOL=TCP
21 ELAPSED_TIME=1167.76
21 LOCAL_SEND_CALLS=237527
21 LOCAL_BYTES_PER_SEND=1.00
21 LOCAL_RECV_CALLS=237526
21 LOCAL_BYTES_PER_RECV=1.00
21 REMOTE_SEND_CALLS=237527
21 REMOTE_BYTES_PER_SEND=1.00
21 REMOTE_RECV_CALLS=237527
21 REMOTE_BYTES_PER_RECV=1.00
21 LOCAL_SYSNAME=Linux
21 LOCAL_RELEASE=5.14.0-427.42.1.el9_4.x86_64
21 LOCAL_VERSION=#1 SMP PREEMPT_DYNAMIC Fri Oct 18 14:35:40 EDT 2024
21 LOCAL_MACHINE=x86_64
21 COMMAND_LINE="netperf -s 2 -l 300 -j -H 10.233.227.141 -t tcp_crr -- -P ,8000 -k THROUGHPUT,THROUGHPUT_UNITS,THROUGHPUT_CONFID,PROTOCOL,ELAPSED_TIME,LOCAL_SEND_CALLS,LOCAL_BYTES_PER_SEND,LOCAL_RECV_CALLS,LOCAL_BYTES_PER_RECV,REMOTE_SEND_CALLS,REMOTE_BYTES_PER_SEND,REMOTE_RECV_CALLS,REMOTE_BYTES_PER_RECV,LOCAL_SYSNAME,LOCAL_RELEASE,LOCAL_VERSION,LOCAL_MACHINE,REMOTEL_SYSNAME,REMOTEL_RELEASE,REMOTEL_VERSION,REMOTEL_MACHINE,COMMAND_LINE,LOCAL_TRANSPORT_RETRANS,REMOTE_TRANSPORT_RETRANS,TRANSACTION_RATE,P50_LATENCY,P90_LATENCY,RT_LATENCY,MEAN_LATENCY,STDEV_LATENCY,REQUEST_SIZE,RESPONSE_SIZE,BURST_SIZE"
21 LOCAL_TRANSPORT_RETRANS=9
21 REMOTE_TRANSPORT_RETRANS=-1
21 TRANSACTION_RATE=203.403
21 P50_LATENCY=565
21 P90_LATENCY=1278
21 RT_LATENCY=4916.357
21 MEAN_LATENCY=906.33
21 REQUEST_SIZE=1
21 RESPONSE_SIZE=1
21 BURST_SIZE=0
obyname
23 enable_enobufs failed: getprotobyname
23 enable_enobufs failed: getprotobyname
23 enable_enobufs failed: getprotobyname
23 enable_enobufs failed: getprotobyname
23 enable_enobufs failed: getprotobyname
23 enable_enobufs failed: getprotobyname
23 enable_enobufs failed: getprotobyname
23 enable_enobufs failed: getprotobyname
23 enable_enobufs failed: getprotobyname
23 enable_enobufs failed: getprotobyname
23 enable_enobufs failed: getprotobyname
23 enable_enobufs failed: getprotobyname
23 enable_enobufs failed: getprotobyname
23 enable_enobufs failed: getprotobyname
23 enable_enobufs failed: getprotobyname
23 enable_enobufs failed: getprotobyname
23 enable_enobufs failed: getprotobyname
23 enable_enobufs failed: getprotobyname
23 enable_enobufs failed: getprotobyname
23 enable_enobufs failed: getprotobyname
23 enable_enobufs failed: getprotobyname
23 THROUGHPUT=202.60
23 THROUGHPUT_UNITS=Trans/s
23 THROUGHPUT_CONFID=-1.000
23 PROTOCOL=TCP
23 ELAPSED_TIME=1167.76
23 LOCAL_SEND_CALLS=236587
23 LOCAL_BYTES_PER_SEND=1.00
23 LOCAL_RECV_CALLS=236586
23 LOCAL_BYTES_PER_RECV=1.00
23 REMOTE_SEND_CALLS=236587
23 REMOTE_BYTES_PER_SEND=1.00
23 REMOTE_RECV_CALLS=236587
23 REMOTE_BYTES_PER_RECV=1.00
23 LOCAL_SYSNAME=Linux
23 LOCAL_RELEASE=5.14.0-427.42.1.el9_4.x86_64
23 LOCAL_VERSION=#1 SMP PREEMPT_DYNAMIC Fri Oct 18 14:35:40 EDT 2024
23 LOCAL_MACHINE=x86_64
23 COMMAND_LINE="netperf -s 2 -l 300 -j -H 10.233.227.141 -t tcp_crr -- -P ,8000 -k THROUGHPUT,THROUGHPUT_UNITS,THROUGHPUT_CONFID,PROTOCOL,ELAPSED_TIME,LOCAL_SEND_CALLS,LOCAL_BYTES_PER_SEND,LOCAL_RECV_CALLS,LOCAL_BYTES_PER_RECV,REMOTE_SEND_CALLS,REMOTE_BYTES_PER_SEND,REMOTE_RECV_CALLS,REMOTE_BYTES_PER_RECV,LOCAL_SYSNAME,LOCAL_RELEASE,LOCAL_VERSION,LOCAL_MACHINE,REMOTEL_SYSNAME,REMOTEL_RELEASE,REMOTEL_VERSION,REMOTEL_MACHINE,COMMAND_LINE,LOCAL_TRANSPORT_RETRANS,REMOTE_TRANSPORT_RETRANS,TRANSACTION_RATE,P50_LATENCY,P90_LATENCY,RT_LATENCY,MEAN_LATENCY,STDEV_LATENCY,REQUEST_SIZE,RESPONSE_SIZE,BURST_SIZE"
23 LOCAL_TRANSPORT_RETRANS=9
23 REMOTE_TRANSPORT_RETRANS=-1
23 TRANSACTION_RATE=202.598
23 P50_LATENCY=561
23 P90_LATENCY=1266
23 RT_LATENCY=4935.883
23 MEAN_LATENCY=909.91
23 REQUEST_SIZE=1
23 RESPONSE_SIZE=1
23 BURST_SIZE=0
tobyname
10 enable_enobufs failed: getprotobyname
10 enable_enobufs failed: getprotobyname
10 enable_enobufs failed: getprotobyname
10 enable_enobufs failed: getprotobyname
10 enable_enobufs failed: getprotobyname
10 enable_enobufs failed: getprotobyname
10 enable_enobufs failed: getprotobyname
10 enable_enobufs failed: getprotobyname
10 enable_enobufs failed: getprotobyname
10 enable_enobufs failed: getprotobyname
10 enable_enobufs failed: getprotobyname
10 enable_enobufs failed: getprotobyname
10 enable_enobufs failed: getprotobyname
10 enable_enobufs failed: getprotobyname
10 enable_enobufs failed: getprotobyname
10 enable_enobufs failed: getprotobyname
10 enable_enobufs failed: getprotobyname
10 enable_enobufs failed: getprotobyname
10 enable_enobufs failed: getprotobyname
10 enable_enobufs failed: getprotobyname
10 enable_enobufs failed: getprotobyname
10 enable_enobufs failed: getprotobyname
10 enable_enobufs failed: getprotobyname
10 enable_enobufs failed: getprotobyname
10 enable_enobufs failed: getprotobyname
10 enable_enobufs failed: getprotobyname
10 enable_enobufs failed: getprotobyname
10 enable_enobufs failed: getprotobyname
10 enable_enobufs failed: getprotobyname
10 enable_enobufs failed: getprotobyname
10 enable_enobufs failed: getprotobyname
10 enable_enobufs failed: getprotobyname
10 enable_enobufs failed: getprotobyname
10 enable_enobufs failed: getprotobyname
10 enable_enobufs failed: getprotobyname
10 enable_enobufs failed: getprotobyname
10 enable_enobufs failed: getprotobyname
10 enable_enobufs failed: getprotobyname
10 enable_enobufs failed: getprotobyname
10 enable_enobufs failed: getprotobyname
10 enable_enobufs failed: getprotobyname
10 enable_enobufs failed: getprotobyname
10 enable_enobufs failed: getprotobyname
10 enable_enobufs failed: getprotobyname
10 enable_enobufs failed: getprotobyname
10 enable_enobufs failed: getprotobyname
10 enable_enobufs failed: getprotobyname
10 enable_enobufs failed: getprotobyname
10 enable_enobufs failed: getprotobyname
10 enable_enobufs failed: getprotobyname
10 enable_enobufs failed: getprotobyname
10 enable_enobufs failed: getprotobyname
10 enable_enobufs failed: getprotobyname
10 enable_enobufs failed: getprotobyname
10 enable_enobufs failed: getprotobyname
10 enable_enobufs failed: getprotobyname
10 enable_enobufs failed: getprotobyname
10 enable_enobufs failed: getprotobyname
10 enable_enobufs failed: getprotobyname
10 enable_enobufs failed: getprotobyname
10 enable_enobufs failed: getprotobyname
10 enable_enobufs failed: getprotobyname
10 enable_enobufs failed: getprotobyname
10 enable_enobufs failed: getprotobyname
10 enable_enobufs failed: getprotobyname
10 enable_enobufs failed: getprotobyname
10 enable_enobufs failed: getprotobyname
10 enable_enobufs failed: getprotobyname
10 enable_enobufs failed: getprotobyname
10 enable_enobufs failed: getprotobyname
10 enable_enobufs failed: getprotobyname
10 enable_enobufs failed: getprotobyname
10 THROUGHPUT=225.88
10 THROUGHPUT_UNITS=Trans/s
10 THROUGHPUT_CONFID=-1.000
10 PROTOCOL=TCP
10 ELAPSED_TIME=1188.25
10 LOCAL_SEND_CALLS=268407
10 LOCAL_BYTES_PER_SEND=1.00
10 LOCAL_RECV_CALLS=268406
10 LOCAL_BYTES_PER_RECV=1.00
10 REMOTE_SEND_CALLS=268406
10 REMOTE_BYTES_PER_SEND=1.00
10 REMOTE_RECV_CALLS=268406
10 REMOTE_BYTES_PER_RECV=1.00
10 LOCAL_SYSNAME=Linux
10 LOCAL_RELEASE=5.14.0-427.42.1.el9_4.x86_64
10 LOCAL_VERSION=#1 SMP PREEMPT_DYNAMIC Fri Oct 18 14:35:40 EDT 2024
10 LOCAL_MACHINE=x86_64
10 COMMAND_LINE="netperf -s 2 -l 300 -j -H 10.233.227.141 -t tcp_crr -- -P ,8000 -k THROUGHPUT,THROUGHPUT_UNITS,THROUGHPUT_CONFID,PROTOCOL,ELAPSED_TIME,LOCAL_SEND_CALLS,LOCAL_BYTES_PER_SEND,LOCAL_RECV_CALLS,LOCAL_BYTES_PER_RECV,REMOTE_SEND_CALLS,REMOTE_BYTES_PER_SEND,REMOTE_RECV_CALLS,REMOTE_BYTES_PER_RECV,LOCAL_SYSNAME,LOCAL_RELEASE,LOCAL_VERSION,LOCAL_MACHINE,REMOTEL_SYSNAME,REMOTEL_RELEASE,REMOTEL_VERSION,REMOTEL_MACHINE,COMMAND_LINE,LOCAL_TRANSPORT_RETRANS,REMOTE_TRANSPORT_RETRANS,TRANSACTION_RATE,P50_LATENCY,P90_LATENCY,RT_LATENCY,MEAN_LATENCY,STDEV_LATENCY,REQUEST_SIZE,RESPONSE_SIZE,BURST_SIZE"
10 LOCAL_TRANSPORT_R9 enable_enobufs failed: getprotobyname
19 enable_enobufs failed: getprotobyname
19 enable_enobufs failed: getprotobyname
19 enable_enobufs failed: getprotobyname
19 enable_enobufs failed: getprotobyname
19 enable_enobufs failed: getprotobyname
19 enable_enobufs failed: getprotobyname
19 enable_enobufs failed: getprotobyname
19 enable_enobufs failed: getprotobyname
19 enable_enobufs failed: getprotobyname
19 enable_enobufs failed: getprotobyname
19 enable_enobufs failed: getprotobyname
19 enable_enobufs failed: getprotobyname
19 enable_enobufs failed: getprotobyname
19 enable_enobufs failed: getprotobyname
19 enable_enobufs failed: getprotobyname
19 enable_enobufs failed: getprotobyname
19 enable_enobufs failed: getprotobyname
19 enable_enobufs failed: getprotobyname
19 enable_enobufs failed: getprotobyname
19 enable_enobufs failed: getprotobyname
19 enable_enobufs failed: getprotobyname
19 enable_enobufs failed: getprotobyname
19 enable_enobufs failed: getprotobyname
19 enable_enobufs failed: getprotobyname
19 enable_enobufs failed: getprotobyname
19 enable_enobufs failed: getprotobyname
19 enable_enobufs failed: getprotobyname
19 enable_enobufs failed: getprotobyname
19 enable_enobufs failed: getprotobyname
19 enable_enobufs failed: getprotobyname
19 enable_enobufs failed: getprotobyname
19 enable_enobufs failed: getprotobyname
19 enable_enobufs failed: getprotobyname
19 enable_enobufs failed: getprotobyname
19 enable_enobufs failed: getprotobyname
19 enable_enobufs failed: getprotobyname
19 enable_enobufs failed: getprotobyname
19 enable_enobufs failed: getprotobyname
19 enable_enobufs failed: getprotobyname
19 enable_enobufs failed: getprotobyname
19 enable_enobufs failed: getprotobyname
19 enable_enobufs failed: getprotobyname
19 enable_enobufs failed: getprotobyname
19 enable_enobufs failed: getprotobyname
19 enable_enobufs failed: getprotobyname
19 enable_enobufs failed: getprotobyname
19 enable_enobufs failed: getprotobyname
19 enable_enobufs failed: getprotobyname
19 enable_enobufs failed: getprotobyname
19 enable_enobufs failed: getprotobyname
19 enable_enobufs failed: getprotobyname
19 enable_enobufs failed: getprotobyname
19 enable_enobufs failed: getprotobyname
19 enable_enobufs failed: getprotobyname
19 enable_enobufs failed: getprotobyname
19 enable_enobufs failed: getprotobyname
19 enable_enobufs failed: getprotobyname
19 enable_enobufs failed: getprotobyname
19 enable_enobufs failed: getprotobyname
19 enable_enobufs failed: getprotobyname
19 enable_enobufs failed: getprotobyname
19 enable_enobufs failed: getprotobyname
19 enable_enobufs failed: getprotobyname
19 enable_enobufs failed: getprotobyname
19 enable_enobufs failed: getprotobyname
19 enable_enobufs failed: getprotobyname
19 enable_enobufs failed: getprotobyname
19 enable_enobufs failed: getprotobyname
19 enable_enobufs failed: getprotobyname
19 enable_enobufs failed: getprotobyname
19 enable_enobufs failed: getprotobyname
19 enable_enobufs failed: getprotobyname
19 enable_enobufs failed: getprotobyname
19 enable_enobufs failed: getprotobyname
19 enable_enobufs failed: getprotobyname
19 enable_enobufs failed: getprotobyname
19 enable_enobufs failed: getprotobyname
19 enable_enobufs failed: getprotobyname
19 enable_enobufs failed: getprotobyname
19 enable_enobufs failed: getprotobyname
19 enable_enobufs failed: getprotobyname
19 enable_enobufs failed: getprotobyname
19 THROUGHPUT=227.41
19 THROUGHPUT_UNITS=Trans/s
19 THROUGHPUT_CONFID=-1.000
19 PROTOCOL=TCP
19 ELAPSED_TIME=1188.24
19 LOCAL_SEND_CALLS=270215
19 LOCAL_BYTES_PER_SEND=1.00
19 LOCAL_RECV_CALLS=270214
19 LOCAL_BYTES_PER_RECV=1.00
19 REMOTE_SEND_CALLS=270214
19 REMOTE_BYTES_PER_SEND=1.00
19 REMOTE_RECV_CALLS=270214
19 REMOTE_BYTES_PER_RECV=1.00
19 LOCAL_SYSNAME=Linux
19 LOCAL_RELEASE=5.14.0-427.42.1.el9_4.x86_64
19 LOCAL_VERSION=#1 SMP PREEMPT_DYNAMIC Fri Oct 18 14:35:40 EDT 2024
19 LOCAL_MACHINE=x86_64
19 COMMAND_LINE="netperf -s 2 -l 300 -j -H 10.233.227.141 -t tcp_crr -- -P ,8000 -k THROUGHPUT,THROUGHPUT_UNITS,THROUGHPUT_CONFID,PROTOCOL,ELAPSED_TIME,LOCAL_SEND_CALLS,LOCAL_BYTES_PER_SEbufs failed: getprotobyname
11 enable_enobufs failed: getprotobyname
11 enable_enobufs failed: getprotobyname
11 enable_enobufs failed: getprotobyname
11 enable_enobufs failed: getprotobyname
11 enable_enobufs failed: getprotobyname
11 enable_enobufs failed: getprotobyname
11 enable_enobufs failed: getprotobyname
11 enable_enobufs failed: getprotobyname
11 enable_enobufs failed: getprotobyname
11 enable_enobufs failed: getprotobyname
11 enable_enobufs failed: getprotobyname
11 enable_enobufs failed: getprotobyname
11 enable_enobufs failed: getprotobyname
11 enable_enobufs failed: getprotobyname
11 enable_enobufs failed: getprotobyname
11 enable_enobufs failed: getprotobyname
11 enable_enobufs failed: getprotobyname
11 enable_enobufs failed: getprotobyname
11 enable_enobufs failed: getprotobyname
11 enable_enobufs failed: getprotobyname
11 enable_enobufs failed: getprotobyname
11 enable_enobufs failed: getprotobyname
11 enable_enobufs failed: getprotobyname
11 enable_enobufs failed: getprotobyname
11 enable_enobufs failed: getprotobyname
11 enable_enobufs failed: getprotobyname
11 enable_enobufs failed: getprotobyname
11 enable_enobufs failed: getprotobyname
11 enable_enobufs failed: getprotobyname
11 enable_enobufs failed: getprotobyname
11 enable_enobufs failed: getprotobyname
11 enable_enobufs failed: getprotobyname
11 enable_enobufs failed: getprotobyname
11 enable_enobufs failed: getprotobyname
11 enable_enobufs failed: getprotobyname
11 enable_enobufs failed: getprotobyname
11 enable_enobufs failed: getprotobyname
11 enable_enobufs failed: getprotobyname
11 enable_enobufs failed: getprotobyname
11 enable_enobufs failed: getprotobyname
11 enable_enobufs failed: getprotobyname
11 enable_enobufs failed: getprotobyname
11 enable_enobufs failed: getprotobyname
11 enable_enobufs failed: getprotobyname
11 enable_enobufs failed: getprotobyname
11 enable_enobufs failed: getprotobyname
11 enable_enobufs failed: getprotobyname
11 enable_enobufs failed: getprotobyname
11 enable_enobufs failed: getprotobyname
11 enable_enobufs failed: getprotobyname
11 enable_enobufs failed: getprotobyname
11 enable_enobufs failed: getprotobyname
11 enable_enobufs failed: getprotobyname
11 enable_enobufs failed: getprotobyname
11 enable_enobufs failed: getprotobyname
11 enable_enobufs failed: getprotobyname
11 enable_enobufs failed: getprotobyname
11 enable_enobufs failed: getprotobyname
11 enable_enobufs failed: getprotobyname
11 enable_enobufs failed: getprotobyname
11 enable_enobufs failed: getprotobyname
11 THROUGHPUT=227.14
11 THROUGHPUT_UNITS=Trans/s
11 THROUGHPUT_CONFID=-1.000
11 PROTOCOL=TCP
11 ELAPSED_TIME=1188.25
11 LOCAL_SEND_CALLS=269894
11 LOCAL_BYTES_PER_SEND=1.00
11 LOCAL_RECV_CALLS=269893
11 LOCAL_BYTES_PER_RECV=1.00
11 REMOTE_SEND_CALLS=269893
11 REMOTE_BYTES_PER_SEND=1.00
11 REMOTE_RECV_CALLS=269893
11 REMOTE_BYTES_PER_RECV=1.00
11 LOCAL_SYSNAME=Linux
11 LOCAL_RELEASE=5.14.0-427.42.1.el9_4.x86_64
11 LOCAL_VERSION=#1 SMP PREEMPT_DYNAMIC Fri Oct 18 14:35:40 EDT 2024
11 LOCAL_MACHINE=x86_64
11 COMMAND_LINE="netperf -s 2 -l 300 -j -H 10.233.227.141 -t tcp_crr -- -P ,8000 -k THROUGHPUT,THROUGHPUT_UNITS,THROUGHPUT_CONFID,PROTOCOL,ELAPSED_TIME,LOCAL_SEND_CALLS,LOCAL_BYTES_PER_SEND,LOCAL_RECV_CALLS,LOCAL_BYTES_PER_RECV,REMOTE_SEND_CALLS,REMOTE_BYTES_PER_SEND,REMOTE_RECV_CALLS,REMOTE_BYTES_PER_RECV,LOCAL_SYSNAME,LOCAL_RELEASE,LOCAL_VERSION,LOCAL_MACHINE,REMOTEL_SYSNAME,REMOTEL_RELEASE,REMOTEL_VERSION,REMOTEL_MACHINE,COMMAND_LINE,LOCAL_TRANSPORT_RETRANS,REMOTE_TRANSPORT_RETRANS,TRANSACTION_RATE,P50_LATENCY,P90_LATENCY,RT_LATENCY,MEAN_LATENCY,STDEV_LATENCY,REQUEST_SIZE,RESPONSE_SIZE,BURST_SIZE"
11 LOCAL_TRANSPORT_RETRANS=9
11 REMOTE_TRANSPORT_RETRANS=-1
11 TRANSACTION_RATE=227.135
11 P50_LATENCY=544
11 P90_LATENCY=1258
11 RT_LATENCY=4402.668
11 MEAN_LATENCY=881.05
11 REQUEST_SIZE=1
11 RESPONSE_SIZE=1
11 BURST_SIZE=0
led: getprotobyname
08 enable_enobufs failed: getprotobyname
08 enable_enobufs failed: getprotobyname
08 enable_enobufs failed: getprotobyname
08 enable_enobufs failed: getprotobyname
08 enable_enobufs failed: getprotobyname
08 enable_enobufs failed: getprotobyname
08 enable_enobufs failed: getprotobyname
08 enable_enobufs failed: getprotobyname
08 enable_enobufs failed: getprotobyname
08 enable_enobufs failed: getprotobyname
08 enable_enobufs failed: getprotobyname
08 enable_enobufs failed: getprotobyname
08 enable_enobufs failed: getprotobyname
08 enable_enobufs failed: getprotobyname
08 enable_enobufs failed: getprotobyname
08 enable_enobufs failed: getprotobyname
08 enable_enobufs failed: getprotobyname
08 enable_enobufs failed: getprotobyname
08 enable_enobufs failed: getprotobyname
08 enable_enobufs failed: getprotobyname
08 enable_enobufs failed: getprotobyname
08 enable_enobufs failed: getprotobyname
08 enable_enobufs failed: getprotobyname
08 enable_enobufs failed: getprotobyname
08 enable_enobufs failed: getprotobyname
08 enable_enobufs failed: getprotobyname
08 enable_enobufs failed: getprotobyname
08 enable_enobufs failed: getprotobyname
08 enable_enobufs failed: getprotobyname
08 enable_enobufs failed: getprotobyname
08 enable_enobufs failed: getprotobyname
08 enable_enobufs failed: getprotobyname
08 enable_enobufs failed: getprotobyname
08 enable_enobufs failed: getprotobyname
08 enable_enobufs failed: getprotobyname
08 enable_enobufs failed: getprotobyname
08 enable_enobufs failed: getprotobyname
08 enable_enobufs failed: getprotobyname
08 enable_enobufs failed: getprotobyname
08 enable_enobufs failed: getprotobyname
08 enable_enobufs failed: getprotobyname
08 enable_enobufs failed: getprotobyname
08 enable_enobufs failed: getprotobyname
08 enable_enobufs failed: getprotobyname
08 enable_enobufs failed: getprotobyname
08 enable_enobufs failed: getprotobyname
08 enable_enobufs failed: getprotobyname
08 enable_enobufs failed: getprotobyname
08 enable_enobufs failed: getprotobyname
08 enable_enobufs failed: getprotobyname
08 enable_enobufs failed: getprotobyname
08 enable_enobufs failed: getprotobyname
08 enable_enobufs failed: getprotobyname
08 enable_enobufs failed: getprotobyname
08 enable_enobufs failed: getprotobyname
08 enable_enobufs failed: getprotobyname
08 enable_enobufs failed: getprotobyname
08 enable_enobufs failed: getprotobyname
08 enable_enobufs failed: getprotobyname
08 enable_enobufs failed: getprotobyname
08 enable_enobufs failed: getprotobyname
08 enable_enobufs failed: getprotobyname
08 enable_enobufs failed: getprotobyname
08 THROUGHPUT=223.52
08 THROUGHPUT_UNITS=Trans/s
08 THROUGHPUT_CONFID=-1.000
08 PROTOCOL=TCP
08 ELAPSED_TIME=1188.25
08 LOCAL_SEND_CALLS=265600
08 LOCAL_BYTES_PER_SEND=1.00
08 LOCAL_RECV_CALLS=265599
08 LOCAL_BYTES_PER_RECV=1.00
08 REMOTE_SEND_CALLS=265599
08 REMOTE_BYTES_PER_SEND=1.00
08 REMOTE_RECV_CALLS=265599
08 REMOTE_BYTES_PER_RECV=1.00
08 LOCAL_SYSNAME=Linux
08 LOCAL_RELEASE=5.14.0-427.42.1.el9_4.x86_64
08 LOCAL_VERSION=#1 SMP PREEMPT_DYNAMIC Fri Oct 18 14:35:40 EDT 2024
08 LOCAL_MACHINE=x86_64
08 COMMAND_LINE="netperf -s 2 -l 300 -j -H 10.233.227.141 -t tcp_crr -- -P ,8000 -k THROUGHPUT,THROUGHPUT_UNITS,THROUGHPUT_CONFID,PROTOCOL,ELAPSED_TIME,LOCAL_SEND_CALLS,LOCAL_BYTES_PER_SEND,LOCAL_RECV_CALLS,LOCAL_BYTES_PER_RECV,REMOTE_SEND_CALLS,REMOTE_BYTES_PER_SEND,REMOTE_RECV_CALLS,REMOTE_BYTES_PER_RECV,LOCAL_SYSNAME,LOCAL_RELEASE,LOCAL_VERSION,LOCAL_MACHINE,REMOTEL_SYSNAME,REMOTEL_RELEASE,REMOTEL_VERSION,REMOTEL_MACHINE,COMMAND_LINE,LOCAL_TRANSPORT_RETRANS,REMOTE_TRANSPORT_RETRANS,TRANSACTION_RATE,P50_LATENCY,P90_LATENCY,RT_LATENCY,MEAN_LATENCY,STDEV_LATENCY,REQUEST_SIZE,RESPONSE_SIZE,BURST_SIZE"
08 LOCAL_TRANSPORT_RETRANS=9
08 REMOTE_TRANSPORT_RETRANS=-1
08 TRANSACTION_RATE=223.521
08 P50_LATENCY=552
08 P90_LATENCY=1272
08 RT_LATENCY=4473.854
08 MEAN_LATENCY=895.29
08 REQUEST_SIZE=1
08 RESPONSE_SIZE=1
08 BURST_SIZE=0
ND,LOCAL_RECV_CALLS,LOCAL_BYTES_PER_RECV,REMOTE_SEND_CALLS,REMOTE_BYTES_PER_SEND,REMOTE_RECV_CALLS,REMOTE_BYTES_PER_RECV,LOCAL_SYSNAME,LOCAL_RELEASE,LOCAL_VERSION,LOCAL_MACHINE,REMOTEL_SYSNAME,REMOTEL_RELEASE,REMOTEL_VERSION,REMOTEL_MACHINE,COMMAND_LINE,LOCAL_TRANSPORT_RETRANS,REMOTE_TRANSPORT_RETRANS,TRANSACTION_RATE,P50_LATENCY,P90_LATENCY,RT_LATENCY,MEAN_LATENCY,STDEV_LATENCY,REQUEST_SIZE,RESPONSE_SIZE,BURST_SIZE"
19 LOCAL_TRANSPORT_RETRANS=9
19 REMOTE_TRANSPORT_RETRANS=-1
19 TRANSACTION_RATE=227.406
19 P50_LATENCY=543
19 P90_LATENCY=1257
19 RT_LATENCY=4397.417
19 MEAN_LATENCY=879.98
19 REQUEST_SIZE=1
19 RESPONSE_SIZE=1
19 BURST_SIZE=0
ETRANS=9
10 REMOTE_TRANSPORT_RETRANS=-1
10 TRANSACTION_RATE=225.883
10 P50_LATENCY=546
10 P90_LATENCY=1263
10 RT_LATENCY=4427.062
10 MEAN_LATENCY=885.92
10 REQUEST_SIZE=1
10 RESPONSE_SIZE=1
10 BURST_SIZE=0
ame
02 enable_enobufs failed: getprotobyname
02 enable_enobufs failed: getprotobyname
02 enable_enobufs failed: getprotobyname
02 enable_enobufs failed: getprotobyname
02 enable_enobufs failed: getprotobyname
02 enable_enobufs failed: getprotobyname
02 enable_enobufs failed: getprotobyname
02 enable_enobufs failed: getprotobyname
02 enable_enobufs failed: getprotobyname
02 enable_enobufs failed: getprotobyname
02 enable_enobufs failed: getprotobyname
02 enable_enobufs failed: getprotobyname
02 enable_enobufs failed: getprotobyname
02 enable_enobufs failed: getprotobyname
02 enable_enobufs failed: getprotobyname
02 enable_enobufs failed: getprotobyname
02 enable_enobufs failed: getprotobyname
02 THROUGHPUT=226.59
02 THROUGHPUT_UNITS=Trans/s
02 THROUGHPUT_CONFID=-1.000
02 PROTOCOL=TCP
02 ELAPSED_TIME=1188.25
02 LOCAL_SEND_CALLS=269250
02 LOCAL_BYTES_PER_SEND=1.00
02 LOCAL_RECV_CALLS=269249
02 LOCAL_BYTES_PER_RECV=1.00
02 REMOTE_SEND_CALLS=269249
02 REMOTE_BYTES_PER_SEND=1.00
02 REMOTE_RECV_CALLS=269249
02 REMOTE_BYTES_PER_RECV=1.00
02 LOCAL_SYSNAME=Linux
02 LOCAL_RELEASE=5.14.0-427.42.1.el9_4.x86_64
02 LOCAL_VERSION=#1 SMP PREEMPT_DYNAMIC Fri Oct 18 14:35:40 EDT 2024
02 LOCAL_MACHINE=x86_64
02 COMMAND_LINE="netperf -s 2 -l 300 -j -H 10.233.227.141 -t tcp_crr -- -P ,8000 -k THROUGHPUT,THROUGHPUT_UNITS,THROUGHPUT_CONFID,PROTOCOL,ELAPSED_TIME,LOCAL_SEND_CALLS,LOCAL_BYTES_PER_SEND,LOCAL_RECV_CALLS,LOCAL_BYTES_PER_RECV,REMOTE_SEND_CALLS,REMOTE_BYTES_PER_SEND,REMOTE_RECV_CALLS,REMOTE_BYTES_PER_RECV,LOCAL_SYSNAME,LOCAL_RELEASE,LOCAL_VERSION,LOCAL_MACHINE,REMOTEL_SYSNAME,REMOTEL_RELEASE,REMOTEL_VERSION,REMOTEL_MACHINE,COMMAND_LINE,LOCAL_TRANSPORT_RETRANS,REMOTE_TRANSPORT_RETRANS,TRANSACTION_RATE,P50_LATENCY,P90_LATENCY,RT_LATENCY,MEAN_LATENCY,STDEV_LATENCY,REQUEST_SIZE,RESPONSE_SIZE,BURST_SIZE"
02 LOCAL_TRANSPORT_RETRANS=9
02 REMOTE_TRANSPORT_RETRANS=-1
02 TRANSACTION_RATE=226.592
02 P50_LATENCY=550
02 P90_LATENCY=1266
02 RT_LATENCY=4413.219
02 MEAN_LATENCY=883.16
02 REQUEST_SIZE=1
02 RESPONSE_SIZE=1
02 BURST_SIZE=0
29 enable_enobufs failed: getprotobyname
29 enable_enobufs failed: getprotobyname
29 enable_enobufs failed: getprotobyname
29 enable_enobufs failed: getprotobyname
29 enable_enobufs failed: getprotobyname
29 enable_enobufs failed: getprotobyname
29 enable_enobufs failed: getprotobyname
29 enable_enobufs failed: getprotobyname
29 enable_enobufs failed: getprotobyname
29 enable_enobufs failed: getprotobyname
29 enable_enobufs failed: getprotobyname
29 enable_enobufs failed: getprotobyname
29 enable_enobufs failed: getprotobyname
29 enable_enobufs failed: getprotobyname
29 enable_enobufs failed: getprotobyname
29 enable_enobufs failed: getprotobyname
29 enable_enobufs failed: getprotobyname
29 enable_enobufs failed: getprotobyname
29 enable_enobufs failed: getprotobyname
29 enable_enobufs failed: getprotobyname
29 enable_enobufs failed: getprotobyname
29 enable_enobufs failed: getprotobyname
29 enable_enobufs failed: getprotobyname
29 enable_enobufs failed: getprotobyname
29 enable_enobufs failed: getprotobyname
29 enable_enobufs failed: getprotobyname
29 enable_enobufs failed: getprotobyname
29 enable_enobufs failed: getprotobyname
29 enable_enobufs failed: getprotobyname
29 enable_enobufs failed: getprotobyname
29 THROUGHPUT=226.52
29 THROUGHPUT_UNITS=Trans/s
29 THROUGHPUT_CONFID=-1.000
29 PROTOCOL=TCP
29 ELAPSED_TIME=1188.24
29 LOCAL_SEND_CALLS=269163
29 LOCAL_BYTES_PER_SEND=1.00
29 LOCAL_RECV_CALLS=269162
29 LOCAL_BYTES_PER_RECV=1.00
29 REMOTE_SEND_CALLS=269162
29 REMOTE_BYTES_PER_SEND=1.00
29 REMOTE_RECV_CALLS=269162
29 REMOTE_BYTES_PER_RECV=1.00
29 LOCAL_SYSNAME=Linux
29 LOCAL_RELEASE=5.14.0-427.42.1.el9_4.x86_64
29 LOCAL_VERSION=#1 SMP PREEMPT_DYNAMIC Fri Oct 18 14:35:40 EDT 2024
29 LOCAL_MACHINE=x86_64
29 COMMAND_LINE="netperf -s 2 -l 300 -j -H 10.233.227.141 -t tcp_crr -- -P ,8000 -k THROUGHPUT,THROUGHPUT_UNITS,THROUGHPUT_CONFID,PROTOCOL,ELAPSED_TIME,LOCAL_SEND_CALLS,LOCAL_BYTES_PER_SEND,LOCAL_RECV_CALLS,LOCAL_BYTES_PER_RECV,REMOTE_SEND_CALLS,REMOTE_BYTES_PER_SEND,REMOTE_RECV_CALLS,REMOTE_BYTES_PER_RECV,LOCAL_SYSNAME,LOCAL_RELEASE,LOCAL_VERSION,LOCAL_MACHINE,REMOTEL_SYSNAME,REMOTEL_RELEASE,REMOTEL_VERSION,REMOTEL_MACHINE,COMMAND_LINE,LOCAL_TRANSPORT_RETRANS,REMOTE_TRANSPORT_RETRANS,TRANSACTION_RATE,P50_LATENCY,P90_LATENCY,RT_LATENCY,MEAN_LATENCY,STDEV_LATENCY,REQUEST_SIZE,RESPONSE_SIZE,BURST_SIZE"
29 LOCAL_TRANSPORT_RETRANS=9
29 REMOTE_TRANSPORT_RETRANS=-1
29 TRANSACTION_RATE=226.522
29 P50_LATENCY=543
29 P90_LATENCY=1262
29 RT_LATENCY=4414.578
29 MEAN_LATENCY=883.39
29 REQUEST_SIZE=1
29 RESPONSE_SIZE=1
29 BURST_SIZE=0
30 enable_enobufs failed: getprotobyname
30 enable_enobufs failed: getprotobyname
30 enable_enobufs failed: getprotobyname
30 enable_enobufs failed: getprotobyname
30 enable_enobufs failed: getprotobyname
30 enable_enobufs failed: getprotobyname
30 enable_enobufs failed: getprotobyname
30 enable_enobufs failed: getprotobyname
30 enable_enobufs failed: getprotobyname
30 enable_enobufs failed: getprotobyname
30 enable_enobufs failed: getprotobyname
30 enable_enobufs failed: getprotobyname
30 enable_enobufs failed: getprotobyname
30 enable_enobufs failed: getprotobyname
30 enable_enobufs failed: getprotobyname
30 enable_enobufs failed: getprotobyname
30 enable_enobufs failed: getprotobyname
30 enable_enobufs failed: getprotobyname
30 enable_enobufs failed: getprotobyname
30 enable_enobufs failed: getprotobyname
30 enable_enobufs failed: getprotobyname
30 enable_enobufs failed: getprotobyname
30 enable_enobufs failed: getprotobyname
30 enable_enobufs failed: getprotobyname
30 enable_enobufs failed: getprotobyname
30 enable_enobufs failed: getprotobyname
30 enable_enobufs failed: getprotobyname
30 enable_enobufs failed: getprotobyname
30 enable_enobufs failed: getprotobyname
30 enable_enobufs failed: getprotobyname
30 enable_enobufs failed: getprotobyname
30 enable_enobufs failed: getprotobyname
30 enable_enobufs failed: getprotobyname
30 enable_enobufs failed: getprotobyname
30 enable_enobufs failed: getprotobyname
30 enable_enobufs failed: getprotobyname
30 enable_enobufs failed: getprotobyname
30 enable_enobufs failed: getprotobyname
30 enable_enobufs failed: getprotobyname
30 enable_enobufs failed: getprotobyname
30 enable_enobufs failed: getprotobyname
30 enable_enobufs failed: getprotobyname
30 enable_enobufs failed: getprotobyname
30 enable_enobufs failed: getprotobyname
30 enable_enobufs failed: getprotobyname
30 enable_enobufs failed: getprotobyname
30 enable_enobufs failed: getprotobyname
30 enable_enobufs failed: getprotobyname
30 enable_enobufs failed: getprotobyname
30 enable_enobufs failed: getprotobyname
30 enable_enobufs failed: getprotobyname
30 enable_enobufs failed: getprotobyname
30 enable_enobufs failed: getprotobyname
30 enable_enobufs failed: getprotobyname
30 enable_enobufs failed: getprotobyname
30 enable_enobufs failed: getprotobyname
30 enable_enobufs failed: getprotobyname
30 enable_enobufs failed: getprotobyname
30 enable_enobufs failed: getprotobyname
30 enable_enobufs failed: getprotobyname
30 enable_enobufs failed: getprotobyname
30 enable_enobufs failed: getprotobyname
30 enable_enobufs failed: getprotobyname
30 enable_enobufs failed: getprotobyname
30 enable_enobufs failed: getprotobyname
30 enable_enobufs failed: getprotobyname
30 enable_enobufs failed: getprotobyname
30 enable_enobufs failed: getprotobyname
30 enable_enobufs failed: getprotobyname
30 enable_enobufs failed: getprotobyname
30 enable_enobufs failed: getprotobyname
30 enable_enobufs failed: getprotobyname
30 enable_enobufs failed: getprotobyname
30 enable_enobufs failed: getprotobyname
30 enable_enobufs failed: getprotobyname
30 enable_enobufs failed: getprotobyname
30 enable_enobufs failed: getprotobyname
30 enable_enobufs failed: getprotobyname
30 enable_enobufs failed: getprotobyname
30 enable_enobufs failed: getprotobyname
30 enable_enobufs failed: getprotobyname
30 enable_enobufs failed: getprotobyname
30 enable_enobufs failed: getprotobyname
30 enable_enobufs failed: getprotobyname
30 enable_enobufs failed: getprotobyname
30 enable_enobufs failed: getprotobyname
30 enable_enobufs failed: getprotobyname
30 enable_enobufs failed: getprotobyname
30 enable_enobufs failed: getprotobyname
30 enable_enobufs failed: getprotobyname
30 enable_enobufs failed: getprotobyname
30 enable_enobufs failed: getprotobyname
30 enable_enobufs failed: getprotobyname
30 enable_enobufs failed: getprotobyname
30 enable_enobufs failed: getprotobyname
30 enable_enobufs failed: getprotobyname
30 THROUGHPUT=189.22
30 THROUGHPUT_UNITS=Trans/s
30 THROUGHPUT_CONFID=-1.000
30 PROTOCOL=TCP
30 ELAPSED_TIME=1249.68
30 LOCAL_SEND_CALLS=236462
30 LOCAL_BYTES_Pnobufs failed: getprotobyname
05 enable_enobufs failed: getprotobyname
05 enable_enobufs failed: getprotobyname
05 enable_enobufs failed: getprotobyname
05 enable_enobufs failed: getprotobyname
05 enable_enobufs failed: getprotobyname
05 enable_enobufs failed: getprotobyname
05 enable_enobufs failed: getprotobyname
05 enable_enobufs failed: getprotobyname
05 enable_enobufs failed: getprotobyname
05 enable_enobufs failed: getprotobyname
05 enable_enobufs failed: getprotobyname
05 enable_enobufs failed: getprotobyname
05 enable_enobufs failed: getprotobyname
05 enable_enobufs failed: getprotobyname
05 enable_enobufs failed: getprotobyname
05 enable_enobufs failed: getprotobyname
05 enable_enobufs failed: getprotobyname
05 enable_enobufs failed: getprotobyname
05 enable_enobufs failed: getprotobyname
05 enable_enobufs failed: getprotobyname
05 enable_enobufs failed: getprotobyname
05 enable_enobufs failed: getprotobyname
05 enable_enobufs failed: getprotobyname
05 enable_enobufs failed: getprotobyname
05 enable_enobufs failed: getprotobyname
05 enable_enobufs failed: getprotobyname
05 enable_enobufs failed: getprotobyname
05 enable_enobufs failed: getprotobyname
05 enable_enobufs failed: getprotobyname
05 enable_enobufs failed: getprotobyname
05 enable_enobufs failed: getprotobyname
05 enable_enobufs failed: getprotobyname
05 enable_enobufs failed: getprotobyname
05 enable_enobufs failed: getprotobyname
05 enable_enobufs failed: getprotobyname
05 enable_enobufs failed: getprotobyname
05 enable_enobufs failed: getprotobyname
05 enable_enobufs failed: getprotobyname
05 enable_enobufs failed: getprotobyname
05 enable_enobufs failed: getprotobyname
05 enable_enobufs failed: getprotobyname
05 enable_enobufs failed: getprotobyname
05 enable_enobufs failed: getprotobyname
05 enable_enobufs failed: getprotobyname
05 enable_enobufs failed: getprotobyname
05 THROUGHPUT=194.69
05 THROUGHPUT_UNITS=Trans/s
05 THROUGHPUT_CONFID=-1.000
05 PROTOCOL=TCP
05 ELAPSED_TIME=1249.69
05 LOCAL_SEND_CALLS=243305
05 LOCAL_BYTES_PER_SEND=1.00
05 LOCAL_RECV_CALLS=243305
05 LOCAL_BYTES_PER_RECV=1.00
05 REMOTE_SEND_CALLS=243305
05 REMOTE_BYTES_PER_SEND=1.00
05 REMOTE_RECV_CALLS=243305
05 REMOTE_BYTES_PER_RECV=1.00
05 LOCAL_SYSNAME=Linux
05 LOCAL_RELEASE=5.14.0-427.42.1.el9_4.x86_64
05 LOCAL_VERSION=#1 SMP PREEMPT_DYNAMIC Fri Oct 18 14:35:40 EDT 2024
05 LOCAL_MACHINE=x86_64
05 COMMAND_LINE="netperf -s 2 -l 300 -j -H 10.233.227.141 -t tcp_crr -- -P ,8000 -k THROUGHPUT,THROUGHPUT_UNITS,THROUGHPUT_CONFID,PROTOCOL,ELAPSED_TIME,LOCAL_SEND_CALLS,LOCAL_BYTES_PER_SEND,LOCAL_RECV_CALLS,LOCAL_BYTES_PER_RECV,REMOTE_SEND_CALLS,REMOTE_BYTES_PER_SEND,REMOTE_RECV_CALLS,REMOTE_BYTES_PER_RECV,LOCAL_SYSNAME,LOCAL_RELEASE,LOCAL_VERSION,LOCAL_MACHINE,REMOTEL_SYSNAME,REMOTEL_RELEASE,REMOTEL_VERSION,REMOTEL_MACHINE,COMMAND_LINE,LOCAL_TRANSPORT_RETRANS,REMOTE_TRANSPORT_RETRANS,TRANSACTION_RATE,P50_LATENCY,P90_LATENCY,RT_LATENCY,MEAN_LATENCY,STDEV_LATENCY,REQUEST_SIZE,RESPONSE_SIZE,BURST_SIZE"
05 LOCAL_TRANSPORT_RETRANS=0
05 REMOTE_TRANSPORT_RETRANS=-1
05 TRANSACTION_RATE=194.691
05 P50_LATENCY=547
05 P90_LATENCY=1245
05 RT_LATENCY=5136.345
05 MEAN_LATENCY=884.84
05 REQUEST_SIZE=1
05 RESPONSE_SIZE=1
05 BURST_SIZE=0
protobyname
27 enable_enobufs failed: getprotobyname
27 enable_enobufs failed: getprotobyname
27 enable_enobufs failed: getprotobyname
27 enable_enobufs failed: getprotobyname
27 enable_enobufs failed: getprotobyname
27 enable_enobufs failed: getprotobyname
27 enable_enobufs failed: getprotobyname
27 enable_enobufs failed: getprotobyname
27 enable_enobufs failed: getprotobyname
27 enable_enobufs failed: getprotobyname
27 enable_enobufs failed: getprotobyname
27 enable_enobufs failed: getprotobyname
27 enable_enobufs failed: getprotobyname
27 enable_enobufs failed: getprotobyname
27 THROUGHPUT=189.39
27 THROUGHPUT_UNITS=Trans/s
27 THROUGHPUT_CONFID=-1.000
27 PROTOCOL=TCP
27 ELAPSED_TIME=1249.68
27 LOCAL_SEND_CALLS=236680
27 LOCAL_BYTES_PER_SEND=1.00
27 LOCAL_RECV_CALLS=236679
27 LOCAL_BYTES_PER_RECV=1.00
27 REMOTE_SEND_CALLS=236680
27 REMOTE_BYTES_PER_SEND=1.00
27 REMOTE_RECV_CALLS=236680
27 REMOTE_BYTES_PER_RECV=1.00
27 LOCAL_SYSNAME=Linux
27 LOCAL_RELEASE=5.14.0-427.42.1.el9_4.x86_64
27 LOCAL_VERSION=#1 SMP PREEMPT_DYNAMIC Fri Oct 18 14:35:40 EDT 2024
27 LOCAL_MACHINE=x86_64
27 COMMAND_LINE="netperf -s 2 -l 300 -j -H 10.233.227.141 -t tcp_crr -- -P ,8000 -k THROUGHPUT,THROUGHPUT_UNITS,THROUGHPUT_CONFID,PROTOCOL,ELAPSED_TIME,LOCAL_SEND_CALLS,LOCAL_BYTES_PER_SEND,LOCAL_RECV_CALLS,LOCAL_BYTES_PER_RECV,REMOTE_SEND_CALLS,REMOTE_BYTES_PER_SEND,REMOTE_RECV_CALLS,REMOTE_BYTES_PER_RECV,LOCAL_SYSNAME,LOCAL_RELEASE,LOCAL_VERSION,LOCAL_MACHINE,REMOTEL_SYSNAME,REMOTEL_RELEASE,REMOTEL_VERSION,REMOTEL_MACHINE,COMMAND_LINE,LOCAL_TRANSPORT_RETRANS,REMOTE_TRANSPORT_RETRANS,TRANSACTION_RATE,P50_LATENCY,P90_LATENCY,RT_LATENCY,MEAN_LATENCY,STDEV_LATENCY,REQUEST_SIZE,RESPONSE_SIZE,BURST_SIZE"
27 LOCAL_TRANSPORT_RETRANS=0
27 REMOTE_TRANSPORT_RETRANS=-1
27 TRANSACTION_RATE=189.392
27 P50_LATENCY=565
27 P90_LATENCY=1279
27 RT_LATENCY=5280.055
27 MEAN_LATENCY=909.54
27 REQUEST_SIZE=1
27 RESPONSE_SIZE=1
27 BURST_SIZE=0
able_enobufs failed: getprotobyname
20 enable_enobufs failed: getprotobyname
20 enable_enobufs failed: getprotobyname
20 enable_enobufs failed: getprotobyname
20 enable_enobufs failed: getprotobyname
20 enable_enobufs failed: getprotobyname
20 enable_enobufs failed: getprotobyname
20 enable_enobufs failed: getprotobyname
20 enable_enobufs failed: getprotobyname
20 enable_enobufs failed: getprotobyname
20 enable_enobufs failed: getprotobyname
20 enable_enobufs failed: getprotobyname
20 enable_enobufs failed: getprotobyname
20 enable_enobufs failed: getprotobyname
20 enable_enobufs failed: getprotobyname
20 enable_enobufs failed: getprotobyname
20 enable_enobufs failed: getprotobyname
20 enable_enobufs failed: getprotobyname
20 enable_enobufs failed: getprotobyname
20 enable_enobufs failed: getprotobyname
20 enable_enobufs failed: getprotobyname
20 enable_enobufs failed: getprotobyname
20 enable_enobufs failed: getprotobyname
20 enable_enobufs failed: getprotobyname
20 enable_enobufs failed: getprotobyname
20 enable_enobufs failed: getprotobyname
20 enable_enobufs failed: getprotobyname
20 enable_enobufs failed: getprotobyname
20 enable_enobufs failed: getprotobyname
20 enable_enobufs failed: getprotobyname
20 enable_enobufs failed: getprotobyname
20 enable_enobufs failed: getprotobyname
20 enable_enobufs failed: getprotobyname
20 enable_enobufs failed: getprotobyname
20 enable_enobufs failed: getprotobyname
20 enable_enobufs failed: getprotobyname
20 enable_enobufs failed: getprotobyname
20 enable_enobufs failed: getprotobyname
20 enable_enobufs failed: getprotobyname
20 enable_enobufs failed: getprotobyname
20 enable_enobufs failed: getprotobyname
20 enable_enobufs failed: getprotobyname
20 enable_enobufs failed: getprotobyname
20 enable_enobufs failed: getprotobyname
20 enable_enobufs failed: getprotobyname
20 enable_enobufs failed: getprotobyname
20 enable_enobufs failed: getprotobyname
20 enable_enobufs failed: getprotobyname
20 enable_enobufs failed: getprotobyname
20 enable_enobufs failed: getprotobyname
20 enable_enobufs failed: getprotobyname
20 enable_enobufs failed: getprotobyname
20 enable_enobufs failed: getprotobyname
20 enable_enobufs failed: getprotobyname
20 enable_enobufs failed: getprotobyname
20 enable_enobufs failed: getprotobyname
20 enable_enobufs failed: getprotobyname
20 enable_enobufs failed: getprotobyname
20 enable_enobufs failed: getprotobyname
20 enable_enobufs failed: getprotobyname
20 enable_enobufs failed: getprotobyname
20 enable_enobufs failed: getprotobyname
20 THROUGHPUT=189.91
20 THROUGHPUT_UNITS=Trans/s
20 THROUGHPUT_CONFID=-1.000
20 PROTOCOL=TCP
20 ELAPSED_TIME=1249.68
20 LOCAL_SEND_CALLS=237327
20 LOCAL_BYTES_PER_SEND=1.00
20 LOCAL_RECV_CALLS=237326
20 LOCAL_BYTES_PER_RECV=1.00
20 REMOTE_SEND_CALLS=237327
20 REMOTE_BYTES_PER_SEND=1.00
20 REMOTE_RECV_CALLS=237327
20 REMOTE_BYTES_PER_RECV=1.00
20 LOCAL_SYSNAME=Linux
20 LOCAL_RELEASE=5.14.0-427.42.1.el9_4.x86_64
20 LOCAL_VERSION=#1 SMP PREEMPT_DYNAMIC Fri Oct 18 14:35:40 EDT 2024
20 LOCAL_MACHINE=x86_64
20 COMMAND_LINE="netperf -s 2 -l 300 -j -H 10.233.227.141 -t tcp_crr -- -P ,8000 -k THROUGHPUT,THROUGHPUT_UNITS,THROUGHPUT_CONFID,PROTOCOL,ELAPSED_TIME,LOCAL_SEND_CALLS,LOCAL_BYTES_PER_SEND,LOCAL_RECV_CALLS,LOCAL_BYTES_PER_RECV,REMOTE_SEND_CALLS,REMOTE_BYTES_PER_SEND,REMOTE_RECV_CALLS,REMOTE_BYTES_PER_RECV,LOCAL_SYSNAME,LOCAL_RELEASE,LOCAL_VERSION,LOCAL_MACHINE,REMOTEL_SYSNAME,REMOTEL_RELEASE,REMOTEL_VERSION,REMOTEL_MACHINE,COMMAND_LINE,LOCAL_TRANSPORT_RETRANS,REMOTE_TRANSPORT_RETRANS,TRANSACTION_RATE,P50_LATENCY,P90_LATENCY,RT_LATENCY,MEAN_LATENCY,STDEV_LATENCY,REQUEST_SIZE,RESPONSE_SIZE,BURST_SIZE"
20 LOCAL_TRANSPORT_RETRANS=0
20 REMOTE_TRANSPORT_RETRANS=-1
20 TRANSACTION_RATE=189.909
20 P50_LATENCY=559
20 P90_LATENCY=1262
20 RT_LATENCY=5265.680
20 MEAN_LATENCY=907.09
20 REQUEST_SIZE=1
20 RESPONSE_SIZE=1
20 BURST_SIZE=0
 enable_enobufs failed: getprotobyname
31 enable_enobufs failed: getprotobyname
31 enable_enobufs failed: getprotobyname
31 enable_enobufs failed: getprotobyname
31 enable_enobufs failed: getprotobyname
31 enable_enobufs failed: getprotobyname
31 enable_enobufs failed: getprotobyname
31 enable_enobufs failed: getprotobyname
31 enable_enobufs failed: getprotobyname
31 enable_enobufs failed: getprotobyname
31 enable_enobufs failed: getprotobyname
31 enable_enobufs failed: getprotobyname
31 enable_enobufs failed: getprotobyname
31 enable_enobufs failed: getprotobyname
31 enable_enobufs failed: getprotobyname
31 enable_enobufs failed: getprotobyname
31 enable_enobufs failed: getprotobyname
31 enable_enobufs failed: getprotobyname
31 enable_enobufs failed: getprotobyname
31 enable_enobufs failed: getprotobyname
31 enable_enobufs failed: getprotobyname
31 enable_enobufs failed: getprotobyname
31 enable_enobufs failed: getprotobyname
31 enable_enobufs failed: getprotobyname
31 enable_enobufs failed: getprotobyname
31 enable_enobufs failed: getprotobyname
31 enable_enobufs failed: getprotobyname
31 enable_enobufs failed: getprotobyname
31 enable_enobufs failed: getprotobyname
31 enable_enobufs failed: getprotobyname
31 enable_enobufs failed: getprotobyname
31 enable_enobufs failed: getprotobyname
31 enable_enobufs failed: getprotobyname
31 enable_enobufs failed: getprotobyname
31 enable_enobufs failed: getprotobyname
31 THROUGHPUT=194.05
31 THROUGHPUT_UNITS=Trans/s
31 THROUGHPUT_CONFID=-1.000
31 PROTOCOL=TCP
31 ELAPSED_TIME=1249.68
31 LOCAL_SEND_CALLS=242495
31 LOCAL_BYTES_PER_SEND=1.00
31 LOCAL_RECV_CALLS=242494
31 LOCAL_BYTES_PER_RECV=1.00
31 REMOTE_SEND_CALLS=242495
31 REMOTE_BYTES_PER_SEND=1.00
31 REMOTE_RECV_CALLS=242495
31 REMOTE_BYTES_PER_RECV=1.00
31 LOCAL_SYSNAME=Linux
31 LOCAL_RELEASE=5.14.0-427.42.1.el9_4.x86_64
31 LOCAL_VERSION=#1 SMP PREEMPT_DYNAMIC Fri Oct 18 14:35:40 EDT 2024
31 LOCAL_MACHINE=x86_64
31 COMMAND_LINE="netperf -s 2 -l 300 -j -H 10.233.227.141 -t tcp_crr -- -P ,8000 -k THROUGHPUT,THROUGHPUT_UNITS,THROUGHPUT_CONFID,PROTOCOL,ELAPSED_TIME,LOCAL_SEND_CALLS,LOCAL_BYTES_PER_SEND,LOCAL_RECV_CALLS,LOCAL_BYTES_PER_RECV,REMOTE_SEND_CALLS,REMOTE_BYTES_PER_SEND,REMOTE_RECV_CALLS,REMOTE_BYTES_PER_RECV,LOCAL_SYSNAME,LOCAL_RELEASE,LOCAL_VERSION,LOCAL_MACHINE,REMOTEL_SYSNAME,REMOTEL_RELEASE,REMOTEL_VERSION,REMOTEL_MACHINE,COMMAND_LINE,LOCAL_TRANSPORT_RETRANS,REMOTE_TRANSPORT_RETRANS,TRANSACTION_RATE,P50_LATENCY,P90_LATENCY,RT_LATENCY,MEAN_LATENCY,STDEV_LATENCY,REQUEST_SIZE,RESPONSE_SIZE,BURST_SIZE"
31 LOCAL_TRANSPORT_RETRANS=0
31 REMOTE_TRANSPORT_RETRANS=-1
31 TRANSACTION_RATE=194.045
31 P50_LATENCY=549
31 P90_LATENCY=1253
31 RT_LATENCY=5153.431
31 MEAN_LATENCY=887.73
31 REQUEST_SIZE=1
31 RESPONSE_SIZE=1
31 BURST_SIZE=0
nobufs failed: getprotobyname
04 enable_enobufs failed: getprotobyname
04 enable_enobufs failed: getprotobyname
04 enable_enobufs failed: getprotobyname
04 enable_enobufs failed: getprotobyname
04 enable_enobufs failed: getprotobyname
04 enable_enobufs failed: getprotobyname
04 enable_enobufs failed: getprotobyname
04 enable_enobufs failed: getprotobyname
04 enable_enobufs failed: getprotobyname
04 enable_enobufs failed: getprotobyname
04 enable_enobufs failed: getprotobyname
04 enable_enobufs failed: getprotobyname
04 enable_enobufs failed: getprotobyname
04 enable_enobufs failed: getprotobyname
04 enable_enobufs failed: getprotobyname
04 enable_enobufs failed: getprotobyname
04 enable_enobufs failed: getprotobyname
04 enable_enobufs failed: getprotobyname
04 enable_enobufs failed: getprotobyname
04 enable_enobufs failed: getprotobyname
04 enable_enobufs failed: getprotobyname
04 enable_enobufs failed: getprotobyname
04 enable_enobufs failed: getprotobyname
04 enable_enobufs failed: getprotobyname
04 enable_enobufs failed: getprotobyname
04 enable_enobufs failed: getprotobyname
04 enable_enobufs failed: getprotobyname
04 enable_enobufs failed: getprotobyname
04 enable_enobufs failed: getprotobyname
04 enable_enobufs failed: getprotobyname
04 enable_enobufs failed: getprotobyname
04 enable_enobufs failed: getprotobyname
04 enable_enobufs failed: getprotobyname
04 enable_enobufs failed: getprotobyname
04 enable_enobufs failed: getprotobyname
04 enable_enobufs failed: getprotobyname
04 enable_enobufs failed: getprotobyname
04 enable_enobufs failed: getprotobyname
04 enable_enobufs failed: getprotobyname
04 enable_enobufs failed: getprotobyname
04 enable_enobufs failed: getprotobyname
04 enable_enobufs failed: getprotobyname
04 enable_enobufs failed: getprotobyname
04 enable_enobufs failed: getprotobyname
04 enable_enobufs failed: getprotobyname
04 enable_enobufs failed: getprotobyname
04 enable_enobufs failed: getprotobyname
04 enable_enobufs failed: getprotobyname
04 THROUGHPUT=191.42
04 THROUGHPUT_UNITS=Trans/s
04 THROUGHPUT_CONFID=-1.000
04 PROTOCOL=TCP
04 ELAPSED_TIME=1249.69
04 LOCAL_SEND_CALLS=239212
04 LOCAL_BYTES_PER_SEND=1.00
04 LOCAL_RECV_CALLS=239211
04 LOCAL_BYTES_PER_RECV=1.00
04 REMOTE_SEND_CALLS=239212
04 REMOTE_BYTES_PER_SEND=1.00
04 REMOTE_RECV_CALLS=239212
04 REMOTE_BYTES_PER_RECV=1.00
04 LOCAL_SYSNAME=Linux
04 LOCAL_RELEASE=5.14.0-427.42.1.el9_4.x86_64
04 LOCAL_VERSION=#1 SMP PREEMPT_DYNAMIC Fri Oct 18 14:35:40 EDT 2024
04 LOCAL_MACHINE=x86_64
04 COMMAND_LINE="netperf -s 2 -l 300 -j -H 10.233.227.141 -t tcp_crr -- -P ,8000 -k THROUGHPUT,THROUGHPUT_UNITS,THROUGHPUT_CONFID,PROTOCOL,ELAPSED_TIME,LOCAL_SEND_CALLS,LOCAL_BYTES_PER_SEND,LOCAL_RECV_CALLS,LOCAL_BYTES_PER_RECV,REMOTE_SEND_CALLS,REMOTE_BYTES_PER_SEND,REMOTE_RECV_CALLS,REMOTE_BYTES_PER_RECV,LOCAL_SYSNAME,LOCAL_RELEASE,LOCAL_VERSION,LOCAL_MACHINE,REMOTEL_SYSNAME,REMOTEL_RELEASE,REMOTEL_VERSION,REMOTEL_MACHINE,COMMAND_LINE,LOCAL_TRANSPORT_RETRANS,REMOTE_TRANSPORT_RETRANS,TRANSACTION_RATE,P50_LATENCY,P90_LATENCY,RT_LATENCY,MEAN_LATENCY,STDEV_LATENCY,REQUEST_SIZE,RESPONSE_SIZE,BURST_SIZE"
04 LOCAL_TRANSPORT_RETRANS=0
04 REMOTE_TRANSPORT_RETRANS=-1
04 TRANSACTION_RATE=191.416
04 P50_LATENCY=560
04 P90_LATENCY=1267
04 RT_LATENCY=5224.231
04 MEAN_LATENCY=899.98
04 REQUEST_SIZE=1
04 RESPONSE_SIZE=1
04 BURST_SIZE=0
byname
16 enable_enobufs failed: getprotobyname
16 enable_enobufs failed: getprotobyname
16 enable_enobufs failed: getprotobyname
16 enable_enobufs failed: getprotobyname
16 enable_enobufs failed: getprotobyname
16 enable_enobufs failed: getprotobyname
16 enable_enobufs failed: getprotobyname
16 enable_enobufs failed: getprotobyname
16 enable_enobufs failed: getprotobyname
16 enable_enobufs failed: getprotobyname
16 enable_enobufs failed: getprotobyname
16 enable_enobufs failed: getprotobyname
16 enable_enobufs failed: getprotobyname
16 enable_enobufs failed: getprotobyname
16 enable_enobufs failed: getprotobyname
16 enable_enobufs failed: getprotobyname
16 enable_enobufs failed: getprotobyname
16 enable_enobufs failed: getprotobyname
16 enable_enobufs failed: getprotobyname
16 enable_enobufs failed: getprotobyname
16 enable_enobufs failed: getprotobyname
16 enable_enobufs failed: getprotobyname
16 enable_enobufs failed: getprotobyname
16 THROUGHPUT=186.84
16 THROUGHPUT_UNITS=Trans/s
16 THROUGHPUT_CONFID=-1.000
16 PROTOCOL=TCP
16 ELAPSED_TIME=1249.69
16 LOCAL_SEND_CALLS=233492
16 LOCAL_BYTES_PER_SEND=1.00
16 LOCAL_RECV_CALLS=233491
16 LOCAL_BYTES_PER_RECV=1.00
16 REMOTE_SEND_CALLS=233492
16 REMOTE_BYTES_PER_SEND=1.00
16 REMOTE_RECV_CALLS=233492
16 REMOTE_BYTES_PER_RECV=1.00
16 LOCAL_SYSNAME=Linux
16 LOCAL_RELEASE=5.14.0-427.42.1.el9_4.x86_64
16 LOCAL_VERSION=#1 SMP PREEMPT_DYNAMIC Fri Oct 18 14:35:40 EDT 2024
16 LOCAL_MACHINE=x86_64
16 COMMAND_LINE="netperf -s 2 -l 300 -j -H 10.233.227.141 -t tcp_crr -- -P ,8000 -k THROUGHPUT,THROUGHPUT_UNITS,THROUGHPUT_CONFID,PROTOCOL,ELAPSED_TIME,LOCAL_SEND_CALLS,LOCAL_BYTES_PER_SEND,LOCAL_RECV_CALLS,LOCAL_BYTES_PER_RECV,REMOTE_SEND_CALLS,REMOTE_BYTES_PER_SEND,REMOTE_RECV_CALLS,REMOTE_BYTES_PER_RECV,LOCAL_SYSNAME,LOCAL_RELEASE,LOCAL_VERSION,LOCAL_MACHINE,REMOTEL_SYSNAME,REMOTEL_RELEASE,REMOTEL_VERSION,REMOTEL_MACHINE,COMMAND_LINE,LOCAL_TRANSPORT_RETRANS,REMOTE_TRANSPORT_RETRANS,TRANSACTION_RATE,P50_LATENCY,P90_LATENCY,RT_LATENCY,MEAN_LATENCY,STDEV_LATENCY,REQUEST_SIZE,RESPONSE_SIZE,BURST_SIZE"
16 LOCAL_TRANSPORT_RETRANS=0
16 REMOTE_TRANSPORT_RETRANS=-1
16 TRANSACTION_RATE=186.840
16 P50_LATENCY=569
16 P90_LATENCY=1283
16 RT_LATENCY=5352.180
16 MEAN_LATENCY=921.99
16 REQUEST_SIZE=1
16 RESPONSE_SIZE=1
16 BURST_SIZE=0
obufs failed: getprotobyname
13 enable_enobufs failed: getprotobyname
13 enable_enobufs failed: getprotobyname
13 enable_enobufs failed: getprotobyname
13 enable_enobufs failed: getprotobyname
13 enable_enobufs failed: getprotobyname
13 enable_enobufs failed: getprotobyname
13 enable_enobufs failed: getprotobyname
13 enable_enobufs failed: getprotobyname
13 enable_enobufs failed: getprotobyname
13 enable_enobufs failed: getprotobyname
13 enable_enobufs failed: getprotobyname
13 enable_enobufs failed: getprotobyname
13 enable_enobufs failed: getprotobyname
13 enable_enobufs failed: getprotobyname
13 enable_enobufs failed: getprotobyname
13 enable_enobufs failed: getprotobyname
13 enable_enobufs failed: getprotobyname
13 enable_enobufs failed: getprotobyname
13 enable_enobufs failed: getprotobyname
13 enable_enobufs failed: getprotobyname
13 enable_enobufs failed: getprotobyname
13 enable_enobufs failed: getprotobyname
13 enable_enobufs failed: getprotobyname
13 enable_enobufs failed: getprotobyname
13 enable_enobufs failed: getprotobyname
13 enable_enobufs failed: getprotobyname
13 enable_enobufs failed: getprotobyname
13 enable_enobufs failed: getprotobyname
13 enable_enobufs failed: getprotobyname
13 enable_enobufs failed: getprotobyname
13 enable_enobufs failed: getprotobyname
13 enable_enobufs failed: getprotobyname
13 enable_enobufs failed: getprotobyname
13 enable_enobufs failed: getprotobyname
13 enable_enobufs failed: getprotobyname
13 THROUGHPUT=192.21
13 THROUGHPUT_UNITS=Trans/s
13 THROUGHPUT_CONFID=-1.000
13 PROTOCOL=TCP
13 ELAPSED_TIME=1249.69
13 LOCAL_SEND_CALLS=240198
13 LOCAL_BYTES_PER_SEND=1.00
13 LOCAL_RECV_CALLS=240197
13 LOCAL_BYTES_PER_RECV=1.00
13 REMOTE_SEND_CALLS=240198
13 REMOTE_BYTES_PER_SEND=1.00
13 REMOTE_RECV_CALLS=240198
13 REMOTE_BYTES_PER_RECV=1.00
13 LOCAL_SYSNAME=Linux
13 LOCAL_RELEASE=5.14.0-427.42.1.el9_4.x86_64
13 LOCAL_VERSION=#1 SMP PREEMPT_DYNAMIC Fri Oct 18 14:35:40 EDT 2024
13 LOCAL_MACHINE=x86_64
13 COMMAND_LINE="netperf -s 2 -l 300 -j -H 10.233.227.141 -t tcp_crr -- -P ,8000 -k THROUGHPUT,THROUGHPUT_UNITS,THROUGHPUT_CONFID,PROTOCOL,ELAPSED_TIME,LOCAL_SEND_CALLS,LOCAL_BYTES_PER_SEND,LOCAL_RECV_CALLS,LOCAL_BYTES_PER_RECV,REMOTE_SEND_CALLS,REMOTE_BYTES_PER_SEND,REMOTE_RECV_CALLS,REMOTE_BYTES_PER_RECV,LOCAL_SYSNAME,LOCAL_RELEASE,LOCAL_VERSION,LOCAL_MACHINE,REMOTEL_SYSNAME,REMOTEL_RELEASE,REMOTEL_VERSION,REMOTEL_MACHINE,COMMAND_LINE,LOCAL_TRANSPORT_RETRANS,REMOTE_TRANSPORT_RETRANS,TRANSACTION_RATE,P50_LATENCY,P90_LATENCY,RT_LATENCY,MEAN_LATENCY,STDEV_LATENCY,REQUEST_SIZE,RESPONSE_SIZE,BURST_SIZE"
13 LOCAL_TRANSPORT_RETRANS=0
13 REMOTE_TRANSPORT_RETRANS=-1
13 TRANSACTION_RATE=192.206
13 P50_LATENCY=550
13 P90_LATENCY=1250
13 RT_LATENCY=5202.764
13 MEAN_LATENCY=896.26
13 REQUEST_SIZE=1
13 RESPONSE_SIZE=1
13 BURST_SIZE=0
ER_SEND=1.00
30 LOCAL_RECV_CALLS=236461
30 LOCAL_BYTES_PER_RECV=1.00
30 REMOTE_SEND_CALLS=236462
30 REMOTE_BYTES_PER_SEND=1.00
30 REMOTE_RECV_CALLS=236462
30 REMOTE_BYTES_PER_RECV=1.00
30 LOCAL_SYSNAME=Linux
30 LOCAL_RELEASE=5.14.0-427.42.1.el9_4.x86_64
30 LOCAL_VERSION=#1 SMP PREEMPT_DYNAMIC Fri Oct 18 14:35:40 EDT 2024
30 LOCAL_MACHINE=x86_64
30 COMMAND_LINE="netperf -s 2 -l 300 -j -H 10.233.227.141 -t tcp_crr -- -P ,8000 -k THROUGHPUT,THROUGHPUT_UNITS,THROUGHPUT_CONFID,PROTOCOL,ELAPSED_TIME,LOCAL_SEND_CALLS,LOCAL_BYTES_PER_SEND,LOCAL_RECV_CALLS,LOCAL_BYTES_PER_RECV,REMOTE_SEND_CALLS,REMOTE_BYTES_PER_SEND,REMOTE_RECV_CALLS,REMOTE_BYTES_PER_RECV,LOCAL_SYSNAME,LOCAL_RELEASE,LOCAL_VERSION,LOCAL_MACHINE,REMOTEL_SYSNAME,REMOTEL_RELEASE,REMOTEL_VERSION,REMOTEL_MACHINE,COMMAND_LINE,LOCAL_TRANSPORT_RETRANS,REMOTE_TRANSPORT_RETRANS,TRANSACTION_RATE,P50_LATENCY,P90_LATENCY,RT_LATENCY,MEAN_LATENCY,STDEV_LATENCY,REQUEST_SIZE,RESPONSE_SIZE,BURST_SIZE"
30 LOCAL_TRANSPORT_RETRANS=0
30 REMOTE_TRANSPORT_RETRANS=-1
30 TRANSACTION_RATE=189.218
30 P50_LATENCY=559
30 P90_LATENCY=1274
30 RT_LATENCY=5284.918
30 MEAN_LATENCY=910.39
30 REQUEST_SIZE=1
30 RESPONSE_SIZE=1
30 BURST_SIZE=0
NSTREAMS=31
AGGREGATE_THROUGHPUT=15958.64
